,Unnamed: 0,molecule_chembl_id,class,canonical_smiles1,MW,LogP,NumHDonors,NumHAcceptors,pIC50
0,0,CHEMBL2392784,intermediate,Cc1cncn1CCCNC(=S)Nc1ccc2nccnc2c1,326.4290000000001,2.51142,2.0,5.0,5.515700160653214
1,1,CHEMBL2392783,active,Cc1cncn1CCCNC(=S)Nc1cccc2ncccc12,325.4410000000001,3.1164200000000006,2.0,4.0,6.425968732272281
2,2,CHEMBL2392782,intermediate,Cc1cncn1CCCNC(=S)Nc1cccc2cnccc12,325.4410000000001,3.1164200000000006,2.0,4.0,6.262807357295262
3,3,CHEMBL2392779,active,Cc1cncn1CCCNC(=S)Nc1ccc2cccnc2c1,325.4410000000001,3.1164200000000006,2.0,4.0,6.114638779968488
4,4,CHEMBL2392778,active,Cc1cncn1CCCNC(=S)Nc1ccc2ncccc2c1,325.4410000000001,3.1164200000000006,2.0,4.0,6.533132379645891
5,5,CHEMBL2392794,intermediate,Cc1cncn1CCCNC(=S)Nc1nccc2ccccc12,325.4410000000001,3.1164200000000006,2.0,4.0,6.801342913045577
6,6,CHEMBL2392793,active,Cc1cncn1CCCNC(=S)Nc1ccc2ccccc2n1,325.4410000000001,3.1164200000000006,2.0,4.0,6.4723700991286615
7,7,CHEMBL2392791,intermediate,Cc1cncn1CCCNC(=S)Nc1cc2ccccc2cn1,325.4410000000001,3.1164200000000006,2.0,4.0,6.285670240254767
8,8,CHEMBL2392789,intermediate,Cc1cncn1CCCNC(=S)Nc1ccccn1,275.38100000000003,1.9632199999999997,2.0,4.0,6.343901797987168
9,9,CHEMBL2392788,intermediate,Cc1cncn1CCCNC(=S)Nc1ccc2ncsc2c1,331.4700000000001,3.177920000000001,2.0,5.0,6.311580177997289
10,10,CHEMBL2392787,active,Cc1cncn1CCCNC(=S)Nc1ccc2scnc2c1,331.4700000000001,3.177920000000001,2.0,5.0,5.913640169325252
11,11,CHEMBL2392786,active,Cc1nc2ccc(NC(=S)NCCCn3cncc3C)cc2o1,329.42900000000003,3.0178400000000014,2.0,5.0,6.482804102050026
12,12,CHEMBL2392785,intermediate,Cc1cncn1CCCNC(=S)Nc1ccc2ncoc2c1,315.4020000000001,2.7094200000000006,2.0,5.0,5.97061622231479
13,13,CHEMBL2392809,active,Cc1nc2cc(NC(=S)NCCCn3cncc3C)ccc2o1,329.4290000000001,3.0178400000000014,2.0,5.0,6.280668713016273
14,14,CHEMBL2392808,active,Cc1cncn1CCCNC(=S)Nc1ccc2ocnc2c1,315.4020000000001,2.7094200000000006,2.0,5.0,6.323306390375134
15,15,CHEMBL2392807,active,Cc1cncn1CCCNC(=S)Nc1ccc2ncn(C)c2c1,328.4450000000001,2.4549200000000004,2.0,5.0,6.336299074610352
16,16,CHEMBL2392806,intermediate,Cc1cncn1CCCNC(=S)Nc1ccc2c(c1)ncn2C,328.4450000000001,2.4549200000000004,2.0,5.0,6.148130399270234
17,17,CHEMBL2392805,active,Cc1cncn1CCCNC(=S)Nc1ccc2nc[nH]c2c1,314.41800000000006,2.44452,3.0,4.0,6.334419008982047
18,18,CHEMBL2392804,intermediate,Cc1cncn1CCCNC(=S)Nc1ccc2cn[nH]c2c1,314.41800000000006,2.44452,3.0,4.0,6.419075024324381
19,19,CHEMBL2392803,intermediate,Cc1cncn1CCCNC(=S)Nc1ccc2cnn(C)c2c1,328.4450000000001,2.4549200000000004,2.0,5.0,6.621602099051862
20,20,CHEMBL2392802,intermediate,Cc1cncn1CCCNC(=S)Nc1ccc2ccn(C)c2c1,327.4570000000001,3.0599200000000017,2.0,4.0,5.792365632611038
21,21,CHEMBL2392800,active,Cc1cncn1CCCn1c(=O)[nH]c2ccccc2c1=O,284.3190000000001,1.2850199999999996,1.0,5.0,6.910094888560602
22,22,CHEMBL2392799,intermediate,Cc1cncn1CCCNC(=S)Nc1ccc2c(c1)C(O)CCC2,344.4840000000002,2.937920000000001,3.0,4.0,6.090443970758825
23,23,CHEMBL2392798,active,Cc1cncn1CCCNC(=S)Nc1ccc2c(c1)CCCC2O,344.4840000000002,2.9379200000000014,3.0,4.0,6.284832642151542
24,24,CHEMBL2392797,active,Cc1cncn1CCCNC(=S)Nc1ccc2c(c1)C(=O)CCC2,342.46800000000025,3.087220000000001,2.0,4.0,6.103473782510445
25,25,CHEMBL2392796,active,Cc1cncn1CCCNC(=S)Nc1ccc2c(c1)CCCC2=O,342.46800000000025,3.087220000000001,2.0,4.0,6.31695296176115
26,26,CHEMBL2392817,active,Cc1cncn1CCCNC(=S)Nc1ccc2c(c1)OCCO2,332.4290000000002,2.3394200000000005,2.0,5.0,7.236572006437063
27,27,CHEMBL2392816,active,Cc1cncn1CCCNC(=S)Nc1ccc2c(c1)OCCN2,331.44500000000016,2.3725199999999997,3.0,5.0,5.97061622231479
28,28,CHEMBL2392815,active,Cc1cncn1CCCNC(=S)Nc1ccc2c(c1)NCCO2,331.44500000000016,2.3725200000000006,3.0,5.0,6.308034897232639
29,29,CHEMBL2390975,intermediate,Cc1cncn1CCCNC(=S)Nc1ccc2c(c1)OCCC2,330.4570000000002,2.8932200000000012,2.0,4.0,6.319664486585436
30,30,CHEMBL2392814,intermediate,Cc1cncn1CCCNC(=S)Nc1ccc2c(c1)CCCO2,330.4570000000002,2.8932200000000012,2.0,4.0,6.681936665037238
31,31,CHEMBL2392813,intermediate,Cc1cncn1CCCNC(=S)Nc1ccc2c(c1)OCC2,316.4300000000002,2.503120000000001,2.0,4.0,6.392544976785332
32,32,CHEMBL2392812,intermediate,Cc1cncn1CCCNC(=S)Nc1ccc2c(c1)CCO2,316.4300000000002,2.503120000000001,2.0,4.0,6.359518563029578
33,33,CHEMBL2392810,active,Cc1cncn1CCCNC(=S)Nc1ccc2c(c1)OCO2,318.40200000000016,2.29692,2.0,5.0,6.732828271596986
34,34,CHEMBL566563,inactive,COc1ccc(NC(=S)NCCCn2cncc2C)cc1OC,334.4450000000001,2.58542,2.0,5.0,6.924453038607469
35,35,CHEMBL2418784,intermediate,COc1ccc(CCn2cc(-c3ccc4[nH]cnc4c3)nn2)cc1OC,349.3940000000001,3.0813000000000006,1.0,6.0,6.107905397309519
36,36,CHEMBL2418783,intermediate,COc1cccc(CCn2cc(-c3ccc4[nH]cnc4c3)nn2)c1,319.36800000000005,3.0727,1.0,5.0,5.995678626217358
37,37,CHEMBL2418782,intermediate,COc1ccc(CCn2cc(-c3ccc4[nH]cnc4c3)nn2)cc1,319.36800000000005,3.0727,1.0,5.0,6.200659450546418
38,38,CHEMBL2418781,intermediate,c1ccc(CCn2cc(-c3ccc4[nH]cnc4c3)nn2)cc1,289.34200000000004,3.0641,1.0,4.0,5.798602875679548
39,39,CHEMBL2418780,intermediate,COc1ccc(S(=O)(=O)Cc2nnc(-c3ccc4[nH]cnc4c3)s2)cc1OC,416.4840000000001,3.0725000000000007,1.0,8.0,6.2839966563652006
40,40,CHEMBL2418779,intermediate,COc1ccc(SCc2nnc(-c3ccc4[nH]cnc4c3)s2)cc1OC,384.48600000000016,4.390900000000002,1.0,7.0,7.154901959985743
41,41,CHEMBL2418778,inactive,FC(F)(F)c1ccc(CCc2nnc(-c3ccc4[nH]cnc4c3)s2)cc1,374.391,4.885400000000002,1.0,4.0,4.498940737782249
42,42,CHEMBL2418777,intermediate,Fc1ccc(CCc2nnc(-c3ccc4[nH]cnc4c3)s2)c(F)c1,342.374,4.144800000000002,1.0,4.0,5.651695136951839
43,43,CHEMBL2418776,intermediate,c1nc2cc(-c3nnc(CCc4ccc5c(c4)OCO5)s3)ccc2[nH]1,350.403,3.5953000000000017,1.0,6.0,6.00436480540245
44,44,CHEMBL2418775,intermediate,COc1cccc(CCc2nnc(-c3ccc4[nH]cnc4c3)s2)c1OC,366.44600000000014,3.8838000000000026,1.0,6.0,6.154901959985743
45,45,CHEMBL2418774,intermediate,COc1ccc(CCc2nnc(-c3ccc4[nH]cnc4c3)s2)c(OC)c1,366.44600000000014,3.8838000000000026,1.0,6.0,5.52432881167557
46,46,CHEMBL2418773,intermediate,COc1ccc(CCc2nnc(-c3ccc4[nH]cnc4c3)s2)cc1OC,366.44600000000014,3.8838000000000026,1.0,6.0,6.136677139879544
47,47,CHEMBL2418772,intermediate,c1ccc(CCc2nnc(-c3ccc4[nH]cnc4c3)s2)cc1,306.39400000000006,3.8666000000000027,1.0,4.0,5.623423042943488
48,48,CHEMBL2418771,intermediate,FC(F)(F)c1ccc(C(F)(F)F)c(CCc2nnc(-c3ccc4[nH]cnc4c3)o2)c1,426.32000000000005,5.435700000000003,1.0,4.0,4.570247719997592
49,49,CHEMBL2418770,intermediate,FC(F)(F)c1ccc(CCc2nnc(-c3ccc4[nH]cnc4c3)o2)cc1,358.32300000000004,4.416900000000003,1.0,4.0,5.136677139879544
50,50,CHEMBL2418769,intermediate,Fc1ccc(CCc2nnc(-c3ccc4[nH]cnc4c3)o2)c(F)c1,326.30600000000004,3.676300000000002,1.0,4.0,5.3487219860018556
51,51,CHEMBL2418768,intermediate,c1nc2cc(-c3nnc(CCc4ccc5c(c4)OCO5)o3)ccc2[nH]1,334.33500000000004,3.126800000000001,1.0,6.0,5.576754126063192
52,52,CHEMBL2418803,inactive,COc1cccc(CCc2nnc(-c3ccc4[nH]cnc4c3)o2)c1OC,350.37800000000016,3.415300000000002,1.0,6.0,5.718966632752273
53,53,CHEMBL2418802,intermediate,COc1ccc(CCc2nnc(-c3ccc4[nH]cnc4c3)o2)c(OC)c1,350.37800000000016,3.415300000000001,1.0,6.0,5.504455662453552
54,54,CHEMBL2418801,intermediate,COc1ccc(CCc2nnc(-c3ccc4[nH]cnc4c3)o2)cc1OC,350.37800000000016,3.415300000000002,1.0,6.0,5.632644078973981
55,55,CHEMBL2418800,intermediate,O=S(=O)(Cc1nnc(-c2ccc3[nH]cnc3c2)o1)c1ccccc1,340.3640000000001,2.5868,1.0,6.0,5.730487055782084
56,56,CHEMBL2418799,intermediate,c1ccc(SCc2nnc(-c3ccc4[nH]cnc4c3)o2)cc1,308.36600000000004,3.9052000000000016,1.0,5.0,5.896196279044043
57,57,CHEMBL2418798,intermediate,c1ccc(OCc2nnc(-c3ccc4[nH]cnc4c3)o2)cc1,292.29800000000006,3.1919000000000004,1.0,5.0,5.368556230986828
58,58,CHEMBL2418797,inactive,c1ccc(CCc2nnc(-c3ccc4[nH]cnc4c3)o2)cc1,290.3260000000001,3.3981000000000012,1.0,4.0,5.402304814074488
59,59,CHEMBL2418796,inactive,c1ccc(CNc2nnc(-c3ccc4[nH]cnc4c3)o2)cc1,291.3140000000001,3.2250000000000005,2.0,5.0,4.550830267834799
60,60,CHEMBL2418795,inactive,c1ccc(CCCSc2nnc(-c3ccc4[nH]cnc4c3)o2)cc1,336.4200000000001,4.337800000000002,1.0,5.0,5.121478204498794
61,61,CHEMBL2418794,intermediate,c1ccc(CCSc2nnc(-c3ccc4[nH]cnc4c3)o2)cc1,322.3930000000001,3.947700000000002,1.0,5.0,5.139063379299906
62,62,CHEMBL2418793,intermediate,c1ccc2cc(CSc3nnc(-c4ccc5[nH]cnc5c4)o3)ccc2c1,358.4260000000001,5.0584000000000024,1.0,5.0,5.06198090252379
63,63,CHEMBL2418792,intermediate,c1ccc(CSc2nnc(-c3ccc4[nH]cnc4c3)o2)cc1,308.36600000000004,3.9052000000000016,1.0,5.0,5.372634143407267
64,64,CHEMBL2418791,inactive,C=CCSc1nnc(-c2ccc3[nH]cnc3c2)o1,258.30600000000004,2.891,1.0,5.0,5.140861702705469
65,65,CHEMBL2418790,inactive,CCCCCCCCSc1nnc(-c2ccc3[nH]cnc3c2)o1,330.45700000000005,5.0655000000000046,1.0,5.0,4.823908740944319
66,66,CHEMBL2418789,inactive,CCSc1nnc(-c2ccc3[nH]cnc3c2)o1,246.29500000000004,2.7249000000000008,1.0,5.0,4.8326826652518236
67,67,CHEMBL2418788,inactive,CSc1nnc(-c2ccc3[nH]cnc3c2)o1,232.26800000000003,2.3348000000000004,1.0,5.0,4.605548319173784
68,68,CHEMBL2418765,inactive,c1ccc(CCc2nnc(-c3ccc4[nH]cnc4c3)[nH]2)cc1,289.34200000000004,3.1332000000000004,2.0,3.0,5.341035157335565
69,69,CHEMBL2418764,inactive,c1ccc(CCc2nc(-c3ccc4[nH]cnc4c3)no2)cc1,290.3260000000001,3.3981000000000012,1.0,4.0,5.346787486224656
70,70,CHEMBL2418767,inactive,c1ccc(CCc2cnc(-c3ccc4[nH]cnc4c3)s2)cc1,305.406,4.471600000000002,1.0,3.0,5.296708621881338
71,71,CHEMBL2418766,inactive,c1ccc(CCc2ncc(-c3ccc4[nH]cnc4c3)s2)cc1,305.406,4.471600000000002,1.0,3.0,4.607303046740334
72,72,CHEMBL3780601,inactive,CCc1ccc(-c2cc(=O)c3c(O)cc(O)cc3o2)cc1,282.295,3.433600000000002,2.0,4.0,4.429457060118103
73,73,CHEMBL3781227,inactive,Cc1cccc(-c2cc(=O)c3c(O)cc(O)cc3o2)c1,268.268,3.179620000000001,2.0,4.0,4.79317412396815
74,74,CHEMBL3780265,inactive,CCOc1ccc(-c2cc(=O)c3c(O)cc(O)cc3o2)cc1,298.29400000000004,3.2699000000000016,2.0,5.0,4.847711655616943
75,75,CHEMBL3780401,inactive,COc1cccc(-c2cc(=O)c3c(O)cc(O)cc3o2)c1OC,314.29300000000006,2.8884000000000016,2.0,6.0,4.554395796726403
76,76,CHEMBL59589,intermediate,O=c1cc(-c2ccccc2F)oc2cc(O)cc(O)c12,272.231,3.0103000000000013,2.0,4.0,4.460923901207224
77,77,CHEMBL3780826,active,O=c1cc(-c2cccs2)oc2cc(O)cc(O)c12,260.27,2.932700000000001,2.0,5.0,4.815308569182401
78,78,CHEMBL3781605,inactive,Cc1ccsc1-c1cc(=O)c2c(O)cc(O)cc2o1,274.297,3.2411200000000013,2.0,5.0,4.714442690992226
79,79,CHEMBL3781389,active,Cc1ccc(-c2cc(=O)c3c(O)cc(O)cc3o2)s1,274.29699999999997,3.2411200000000004,2.0,5.0,4.823908740944319
80,80,CHEMBL294878,active,O=c1cc(-c2ccc(O)cc2)oc2cc(O)ccc12,254.24099999999999,2.871200000000001,2.0,4.0,4.3448615651886175
81,81,CHEMBL3781737,active,CN(C)c1ccc(-c2cc(=O)c3ccc(O)cc3o2)cc1,281.311,3.231600000000002,1.0,4.0,4.774690718274137
82,82,CHEMBL3780173,intermediate,O=c1cc(-c2ccncc2)oc2cc(O)ccc12,239.23,2.560600000000001,1.0,4.0,4.585026652029182
83,83,CHEMBL201747,active,COc1ccc(NC(=S)NCCCn2ccnc2)cc1OC,320.41800000000006,2.277,2.0,5.0,5.275724130399211
84,84,CHEMBL3659475,active,CCCOc1ccc(C2CNC(=O)N2c2ccc3nc[nH]c3c2)cc1,336.395,3.622600000000001,2.0,3.0,6.31695296176115
85,85,CHEMBL3659476,active,CCCOc1ccc([C@@H]2CNC(=O)N2c2ccc3nc[nH]c3c2)cc1,336.395,3.622600000000001,2.0,3.0,4.519993057042849
86,86,CHEMBL3659477,active,CCCOc1ccc([C@H]2CNC(=O)N2c2ccc3nc[nH]c3c2)cc1,336.395,3.622600000000001,2.0,3.0,6.623423042943488
87,87,CHEMBL3985410,active,O=C1NC[C@H](c2ccc(-c3ccccc3)cc2)N1c1ccc2nc[nH]c2c1,354.41300000000007,4.500800000000003,2.0,2.0,6.5951662833800615
88,88,CHEMBL3659478,active,CCCOc1ccc(C2CNC(=O)N2c2ccn3ccnc3c2)cc1,336.39500000000004,3.394000000000002,1.0,4.0,6.401209493236885
89,89,CHEMBL3659479,active,O=C1NCC(c2ccc(-c3ccccc3)cc2)N1c1ccn2ccnc2c1,354.41300000000007,4.272200000000002,1.0,3.0,6.054531414868181
90,90,CHEMBL3659480,active,CCCOc1ccc([C@H]2COC(=O)N2c2ccc3nc[nH]c3c2)cc1,337.37899999999996,4.0496000000000025,1.0,4.0,6.769551078621726
91,91,CHEMBL3659481,active,O=C1OC[C@H](c2ccc(N3CCN(c4ccccc4)CC3)cc2)N1c1ccc2nc[nH]c2c1,439.5190000000001,4.587400000000003,1.0,5.0,6.795880017344075
92,92,CHEMBL3659482,intermediate,COc1ccc([C@H]2c3ccccc3C(=O)N2c2ccc3nc[nH]c3c2)cc1OC,385.4230000000001,4.329900000000003,1.0,4.0,6.527243550682788
93,93,CHEMBL3659483,intermediate,CCCOc1ccc([C@H]2c3ccccc3C(=O)N2c2ccc3nc[nH]c3c2)cc1,383.451,5.101500000000003,1.0,3.0,6.619788758288394
94,94,CHEMBL3674613,intermediate,O=C1CC(=O)N(c2ccc3nc[nH]c3c2)C1c1cccc(F)c1F,327.29,2.888200000000001,1.0,3.0,7.066512712151295
95,95,CHEMBL3674617,intermediate,O=C1CC(=O)N(c2ccc3nc[nH]c3c2)C1c1cc(F)cc(F)c1F,345.28000000000003,3.027300000000001,1.0,3.0,7.139661993429006
96,96,CHEMBL3674616,intermediate,O=C1CC(=O)N(c2ccc3nc[nH]c3c2)C1c1ccc(N2CCOCC2)cc1,376.4160000000002,2.4466,1.0,5.0,7.13608262304214
97,97,CHEMBL3674614,intermediate,COC1=CC(=O)N(c2ccc3nc[nH]c3c2)C1c1ccc(N2CCS(=O)(=O)CC2)cc1,438.5090000000003,2.4159000000000006,1.0,6.0,6.628932137728263
98,98,CHEMBL3674615,intermediate,O=C1C=C(N2CCCCC2)C(c2ccc(N3CCOCC3)cc2)N1c1ccc2nc[nH]c2c1,443.5510000000002,3.8572000000000024,1.0,5.0,7.336299074610352
99,99,CHEMBL3642567,intermediate,Cc1ccc(CN(Cc2ccc(C)cc2)c2ccc3nc[nH]c3c2)cc1,341.4580000000001,5.3865400000000045,1.0,2.0,5.399027104313252
100,100,CHEMBL3642568,intermediate,COc1cccc(CN(Cc2cccc(OC)c2)c2ccc3nc[nH]c3c2)c1,373.456,4.786900000000004,1.0,4.0,5.437707135543525
101,101,CHEMBL3642569,intermediate,CSc1ccc(CN(Cc2ccccc2)c2ccc3nc[nH]c3c2)cc1,359.49800000000005,5.4916000000000045,1.0,3.0,5.5003129173815966
102,102,CHEMBL3642570,active,CSc1ccc(CN(Cc2ccc(C)cc2)c2ccc3nc[nH]c3c2)cc1,373.52500000000003,5.800020000000005,1.0,3.0,5.51427857351842
103,103,CHEMBL3642571,intermediate,COc1ccc(CN(Cc2ccc(SC)cc2)c2ccc3nc[nH]c3c2)cc1,389.5240000000001,5.500200000000005,1.0,4.0,5.576754126063192
104,104,CHEMBL3642572,active,COc1cccc(CN(Cc2ccc(SC)cc2)c2ccc3nc[nH]c3c2)c1,389.52400000000006,5.500200000000005,1.0,4.0,5.430626090384954
105,105,CHEMBL3642573,intermediate,COc1cc(CN(Cc2ccc(SC)cc2)c2ccc3nc[nH]c3c2)cc(OC)c1,419.5500000000002,5.508800000000005,1.0,5.0,5.3851027839668655
106,106,CHEMBL3642574,active,COc1cc(F)c(CN(Cc2ccc(SC)cc2)c2ccc3nc[nH]c3c2)cc1OC,437.5400000000002,5.647900000000005,1.0,5.0,5.467245621007502
107,107,CHEMBL3642575,active,CSc1ccc(CN(Cc2ccc(N(C)C)cc2)c2ccc3nc[nH]c3c2)cc1,402.56700000000006,5.557600000000004,1.0,4.0,5.38933983691012
108,108,CHEMBL3642576,active,COc1ccc(CN(Cc2ccc3ccccc3c2)c2ccc3nc[nH]c3c2)cc1,393.4900000000001,5.931500000000005,1.0,3.0,5.503070351926785
109,109,CHEMBL3677280,active,O=C1NC(=O)N(c2ccc3[nH]cnc3c2)C1c1ccc2nsnc2c1,350.36300000000006,2.365100000000001,2.0,6.0,7.15676722190199
110,110,CHEMBL3677281,active,O=C1NC(=O)N(c2ccc3[nH]cnc3c2)C1c1ccccc1,292.298,2.3604000000000003,2.0,3.0,6.130181792020672
111,111,CHEMBL3677282,intermediate,Cc1ccc(O)c(C2C(=O)NC(=O)N2c2ccc3[nH]cnc3c2)c1,322.324,2.3744199999999998,3.0,4.0,7.45717457304082
112,112,CHEMBL3677283,active,O=C1NC(=O)N(c2ccc3[nH]cnc3c2)C1c1cc(C(F)(F)F)ccc1F,378.285,3.5183000000000018,2.0,3.0,6.251811972993799
113,113,CHEMBL3677284,active,O=C1NC(=O)N(c2ccc3[nH]cnc3c2)C1c1cc(F)ccc1Br,389.184,3.2620000000000013,2.0,3.0,6.739928612014925
114,114,CHEMBL3677285,intermediate,CCCOc1ccc(C2C(=O)NC(=O)N2c2ccc3[nH]cnc3c2)cc1,350.37800000000004,3.1492000000000013,2.0,4.0,6.6307841425898575
115,115,CHEMBL3677286,active,O=C1NC(=O)N(c2ccc3[nH]cnc3c2)C1c1ccc(Cl)c(C(F)(F)F)c1,394.74000000000007,4.032600000000001,2.0,3.0,6.366531544420414
116,116,CHEMBL3677287,intermediate,COc1ccc(C2C(=O)NC(=O)N2c2ccc3[nH]cnc3c2)cc1O,338.32300000000004,2.0745999999999998,3.0,5.0,8.511449283499555
117,117,CHEMBL3677288,active,O=C1NC(=O)N(c2ccc3[nH]cnc3c2)C1c1ccc(-c2ccccc2)cc1,368.3960000000001,4.027400000000003,2.0,3.0,7.318758762624412
118,118,CHEMBL3677289,active,O=C1NC(=O)N(c2ccc3[nH]cnc3c2)C1c1cccc(Cl)c1,326.74300000000005,3.0138000000000016,2.0,3.0,6.281498311132726
119,119,CHEMBL3677290,active,O=C1NC(=O)N(c2ccc3[nH]cnc3c2)C1c1ccc(Cl)cc1,326.74300000000005,3.0138000000000016,2.0,3.0,6.525783735923745
120,120,CHEMBL3677291,active,O=C1NC(=O)N(c2ccc3[nH]cnc3c2)C1c1ccccc1Cl,326.74300000000005,3.0138000000000016,2.0,3.0,6.761953896871205
121,121,CHEMBL3677292,active,O=C1NC(=O)N(c2ccc3[nH]cnc3c2)C1c1ccc(F)cc1,310.288,2.499500000000001,2.0,3.0,6.267606240177032
122,122,CHEMBL3677293,active,O=C1NC(=O)N(c2ccc3[nH]cnc3c2)C1c1ccc2c(c1)OCCO2,350.3340000000002,2.1315999999999997,2.0,5.0,6.892790030352131
123,123,CHEMBL3677294,active,O=C1NC(=O)C2(Cc3ccccc3C2)N1c1ccc2[nH]cnc2c1,318.336,2.1567,2.0,3.0,6.085656842880559
124,124,CHEMBL3677295,active,O=C1NC(=S)C(c2ccc(Cl)cc2)N1c1ccc2[nH]cnc2c1,342.81100000000004,3.814600000000002,2.0,3.0,6.59176003468815
125,125,CHEMBL3677296,active,O=C1NC(=S)C(c2ccc(F)c(F)c2F)N1c1ccc2nc[nH]c2c1,362.336,3.578500000000002,2.0,3.0,6.314258261397736
126,126,CHEMBL3677297,active,O=C1NC(=S)C(c2ccc(Br)cc2F)N1c1ccc2nc[nH]c2c1,405.25200000000007,4.062800000000002,2.0,3.0,7.619788758288394
127,127,CHEMBL3677298,active,Cc1ccc(C2C(=S)NC(=O)N2c2ccc3[nH]cnc3c2)c(F)c1F,358.3730000000001,3.7478200000000017,2.0,3.0,6.486782399932061
128,128,CHEMBL3703751,active,Cc1cncn1CCCn1c(=S)[nH]c2ccccc2c1=O,300.3870000000001,2.6543100000000006,1.0,5.0,7.034798298974088
129,129,CHEMBL3703752,active,Cc1csc2c(=O)n(CCCn3cncc3C)c(=S)[nH]c12,320.443,3.024230000000001,1.0,6.0,6.5934598195660445
130,130,CHEMBL3703753,active,Cc1cncn1CCCn1c(=S)[nH]c2sc3c(c2c1=O)CCCC3,360.50800000000027,3.594610000000002,1.0,6.0,6.94692155651658
131,131,CHEMBL3703754,active,CCc1cc2c(=O)n(CCCn3cncc3C)c(=S)[nH]c2s1,334.46999999999997,3.2782100000000014,1.0,6.0,6.939302159646388
132,132,CHEMBL3703755,active,Cc1sc2[nH]c(=S)n(CCCn3cncc3C)c(=O)c2c1C,334.4700000000001,3.332650000000002,1.0,6.0,6.913640169325252
133,133,CHEMBL3703756,active,CCc1c(C)sc2[nH]c(=S)n(CCCn3cncc3C)c(=O)c12,348.49700000000007,3.5866300000000013,1.0,6.0,6.790484985457369
134,134,CHEMBL3703757,intermediate,Cc1cncn1CCCn1c(=S)[nH]c2sc(-c3ccccc3)cc2c1=O,382.5140000000001,4.382810000000004,1.0,6.0,6.906578314837765
135,135,CHEMBL3703758,intermediate,Cc1cncn1CCCn1c(=S)[nH]c2sc3c(c2c1=O)CCC3,346.4810000000002,3.2045100000000017,1.0,6.0,6.684029654543083
136,136,CHEMBL3703759,intermediate,Cc1cncn1CCCn1c(=S)[nH]c2sc3c(c2c1=O)CCC(C)C3,374.53500000000025,3.8406100000000025,1.0,6.0,6.549750891680639
137,137,CHEMBL3703760,intermediate,Cc1cncn1CCCn1c(=S)[nH]c2sc3c(c2c1=O)CCCCC3,374.5350000000003,3.9847100000000033,1.0,6.0,6.87942606879415
138,138,CHEMBL3703761,intermediate,Cc1cncn1CCCn1c(=S)[nH]c2sc3c(c2c1=O)CCCCCC3,388.56200000000035,4.374810000000004,1.0,6.0,6.769551078621726
139,139,CHEMBL3703762,intermediate,Cc1sc2[nH]c(=S)n(CCCn3cncc3C)c(=O)c2c1-c1ccccc1,396.5410000000001,4.691230000000004,1.0,6.0,6.36251027048749
140,140,CHEMBL3640026,intermediate,Cc1cncn1CCCn1c(=S)[nH]c2sc(Cc3ccccc3)cc2c1=O,396.54100000000017,4.306610000000004,1.0,6.0,7.016824927962187
141,141,CHEMBL3703763,intermediate,Cc1cn(CCCn2c(=S)[nH]c3ccccc3c2=O)cn1,300.38700000000006,2.6543100000000006,1.0,5.0,5.609064892896621
142,142,CHEMBL3703764,intermediate,Cc1cn(CCCn2c(=S)[nH]c3c(C)csc3c2=O)cn1,320.4430000000001,3.024230000000001,1.0,6.0,5.497572880015567
143,143,CHEMBL3703765,intermediate,Cc1cn(CCCn2c(=S)[nH]c3sc4c(c3c2=O)CCCC4)cn1,360.5080000000002,3.594610000000002,1.0,6.0,5.489454989793388
144,144,CHEMBL3703766,intermediate,CCc1cc2c(=O)n(CCCn3cnc(C)c3)c(=S)[nH]c2s1,334.46999999999997,3.2782100000000014,1.0,6.0,5.705533773838407
145,145,CHEMBL3703767,intermediate,Cc1cn(CCCn2c(=S)[nH]c3sc(C)c(C)c3c2=O)cn1,334.4700000000001,3.332650000000002,1.0,6.0,5.481486060122113
146,146,CHEMBL3703768,intermediate,CCc1c(C)sc2[nH]c(=S)n(CCCn3cnc(C)c3)c(=O)c12,348.49700000000007,3.5866300000000013,1.0,6.0,5.08460016478773
147,147,CHEMBL3703769,intermediate,Cc1cn(CCCn2c(=S)[nH]c3sc(-c4ccccc4)cc3c2=O)cn1,382.5140000000001,4.382810000000004,1.0,6.0,5.253365801062421
148,148,CHEMBL3703770,inactive,Cc1cn(CCCn2c(=S)[nH]c3sc4c(c3c2=O)CCC4)cn1,346.48100000000017,3.2045100000000017,1.0,6.0,5.170696227168975
149,149,CHEMBL3703771,intermediate,Cc1cn(CCCn2c(=S)[nH]c3sc4c(c3c2=O)CCC(C)C4)cn1,374.5350000000002,3.8406100000000025,1.0,6.0,5.634512015109101
150,150,CHEMBL3703772,intermediate,Cc1cn(CCCn2c(=S)[nH]c3sc4c(c3c2=O)CCCCC4)cn1,374.53500000000025,3.9847100000000024,1.0,6.0,5.280668713016273
151,151,CHEMBL3703773,inactive,Cc1cn(CCCn2c(=S)[nH]c3sc4c(c3c2=O)CCCCCC4)cn1,388.5620000000003,4.374810000000004,1.0,6.0,5.570247719997592
152,152,CHEMBL3703774,inactive,Cc1cn(CCCn2c(=S)[nH]c3sc(C)c(-c4ccccc4)c3c2=O)cn1,396.5410000000001,4.6912300000000045,1.0,6.0,5.007446482167865
153,153,CHEMBL3703775,inactive,Cc1cn(CCCn2c(=S)[nH]c3sc(Cc4ccccc4)cc3c2=O)cn1,396.5410000000001,4.306610000000004,1.0,6.0,5.283162276700476
154,154,CHEMBL3703776,inactive,Cc1cn(CCCn2c(=S)[nH]c3ccsc3c2=O)cn1,306.41600000000005,2.7158100000000003,1.0,6.0,5.530177984021837
155,155,CHEMBL3703779,inactive,CCc1c(C)sc2[nH]c(=S)n(CCCn3ccnc3)c(=O)c12,334.47,3.2782100000000014,1.0,6.0,4.95703092660682
156,156,CHEMBL3703780,inactive,O=c1c2c3c(sc2[nH]c(=S)n1CCCn1ccnc1)CCC3,332.4540000000001,2.896090000000001,1.0,6.0,5.232844133917819
157,157,CHEMBL3703781,inactive,O=c1c2c3c(sc2[nH]c(=S)n1CCCn1ccnc1)CCCCCC3,374.53500000000025,4.066390000000003,1.0,6.0,5.09799710864927
158,158,CHEMBL3703782,inactive,O=c1c2c3c(sc2[nH]c(=S)n1Cc1ccc2[nH]cnc2c1)CCCC3,368.4870000000002,3.9239900000000016,2.0,5.0,4.728158393463501
159,159,CHEMBL3703783,inactive,O=c1c2ccccc2[nH]c(=S)n1-c1ccc2[nH]cnc2c1,294.33900000000006,2.9245900000000002,2.0,4.0,3.917933065714887
160,160,CHEMBL3703784,inactive,Cc1csc2c(=O)n(-c3ccc4[nH]cnc4c3)c(=S)[nH]c12,314.39500000000004,3.2945100000000007,2.0,5.0,4.43356250780493
161,161,CHEMBL3896789,inactive,O=C1NCC(C2CCCCC2)N1c1ccc2nc[nH]c2c1,284.363,3.041400000000001,2.0,2.0,5.0
162,162,CHEMBL3922519,inactive,O=C1NCC(c2ccccc2)N1c1ccc2nc[nH]c2c1,278.31500000000005,2.833800000000001,2.0,2.0,5.0
163,163,CHEMBL3917999,inactive,COc1ccc(C2CNC(=O)N2c2ccc3nc[nH]c3c2)cc1,308.341,2.8424000000000005,2.0,3.0,5.0
164,164,CHEMBL4107671,inactive,COc1ccc([C@H]2[C@@H](C)NC(=O)N2c2ccc3nc[nH]c3c2)cc1,322.368,3.230900000000001,2.0,3.0,5.0
165,165,CHEMBL3898159,inactive,COc1cccc(C2CNC(=O)N2c2ccc3nc[nH]c3c2)c1,308.341,2.8424000000000005,2.0,3.0,5.0
166,166,CHEMBL3928442,inactive,COc1ccccc1C1CNC(=O)N1c1ccc2nc[nH]c2c1,308.341,2.8424000000000005,2.0,3.0,5.0
167,167,CHEMBL3891466,inactive,CCOc1ccc(C2CNC(=O)N2c2ccc3nc[nH]c3c2)cc1,322.368,3.232500000000001,2.0,3.0,5.0
168,168,CHEMBL3975820,inactive,CCCCOc1ccc(C2CNC(=O)N2c2ccc3nc[nH]c3c2)cc1,350.422,4.012700000000002,2.0,3.0,5.0
169,169,CHEMBL3905042,inactive,CCCCCOc1ccc(C2CNC(=O)N2c2ccc3nc[nH]c3c2)cc1,364.449,4.402800000000003,2.0,3.0,5.0
170,170,CHEMBL3908189,inactive,CC(C)Oc1ccc(C2CNC(=O)N2c2ccc3nc[nH]c3c2)cc1,336.395,3.6210000000000013,2.0,3.0,5.0
171,171,CHEMBL3985594,inactive,COc1cc(C2CNC(=O)N2c2ccc3nc[nH]c3c2)cc2c1OCO2,352.3500000000002,2.5711000000000004,2.0,5.0,5.0
172,172,CHEMBL3956928,inactive,O=C1NCC(c2ccc3c(c2)OCCO3)N1c1ccc2nc[nH]c2c1,336.351,2.6050000000000004,2.0,4.0,5.0
173,173,CHEMBL3896797,inactive,O=C1NCC(c2ccc(OC(F)(F)C(F)F)cc2)N1c1ccc2nc[nH]c2c1,394.32800000000003,4.070500000000002,2.0,3.0,5.0
174,174,CHEMBL3943360,inactive,O=C1NCC(c2ccc3c(c2)OC(F)(F)O3)N1c1ccc2nc[nH]c2c1,358.304,3.1553000000000004,2.0,4.0,5.0
175,175,CHEMBL3890714,inactive,COc1ccc(C2CNC(=O)N2c2ccc3nc[nH]c3c2)cc1F,326.331,2.9815000000000005,2.0,3.0,5.0
176,176,CHEMBL3917896,inactive,COc1cc(F)c(C2CNC(=O)N2c2ccc3nc[nH]c3c2)c(F)c1,344.321,3.1206000000000005,2.0,3.0,5.0
177,177,CHEMBL3948264,inactive,O=C1NCC(c2ccc(OCCN3CCOCC3)cc2)N1c1ccc2nc[nH]c2c1,407.474,2.5447999999999995,2.0,5.0,5.0
178,178,CHEMBL3889887,inactive,O=C1NCC(c2ccc(OCCCN3CCOCC3)cc2)N1c1ccc2nc[nH]c2c1,421.50100000000003,2.9349000000000007,2.0,5.0,5.0
179,179,CHEMBL3917897,inactive,O=C1NCC(c2ccccc2OCCN2CCOCC2)N1c1ccc2nc[nH]c2c1,407.4740000000001,2.5448000000000004,2.0,5.0,5.0
180,180,CHEMBL3902400,inactive,O=C1NCC(c2ccc(F)cc2)N1c1ccc2nc[nH]c2c1,296.305,2.972900000000001,2.0,2.0,5.0
181,181,CHEMBL3974379,inactive,O=C1NCC(c2ccccc2F)N1c1ccc2nc[nH]c2c1,296.305,2.972900000000001,2.0,2.0,5.0
182,182,CHEMBL3897609,inactive,O=C1NCC(c2cccc(F)c2)N1c1ccc2nc[nH]c2c1,296.305,2.972900000000001,2.0,2.0,5.0
183,183,CHEMBL3925695,inactive,O=C1NCC(c2c(F)cccc2F)N1c1ccc2nc[nH]c2c1,314.295,3.112000000000001,2.0,2.0,5.0
184,184,CHEMBL3902978,inactive,O=C1NCC(c2cc(C(F)(F)F)ccc2F)N1c1ccc2nc[nH]c2c1,364.302,3.9917000000000025,2.0,2.0,5.0
185,185,CHEMBL3970584,inactive,O=C1NCC(c2cc(F)cc(C(F)(F)F)c2)N1c1ccc2nc[nH]c2c1,364.302,3.9917000000000016,2.0,2.0,5.0
186,186,CHEMBL3894030,inactive,O=C1NCC(c2ccc(C(F)(F)F)cc2F)N1c1ccc2nc[nH]c2c1,364.302,3.9917000000000025,2.0,2.0,5.0
187,187,CHEMBL3962967,inactive,O=C1NCC(c2ccc(C(F)(F)F)c(F)c2)N1c1ccc2nc[nH]c2c1,364.302,3.9917000000000016,2.0,2.0,5.0
188,188,CHEMBL3892924,inactive,O=C1NCC(c2ccccc2Cl)N1c1ccc2nc[nH]c2c1,312.76,3.4872000000000014,2.0,2.0,5.0
189,189,CHEMBL3978858,inactive,O=C1NCC(c2cccc(Cl)c2)N1c1ccc2nc[nH]c2c1,312.76,3.4872000000000014,2.0,2.0,5.0
190,190,CHEMBL3910797,inactive,O=C1NCC(c2c(Cl)cccc2Cl)N1c1ccc2nc[nH]c2c1,347.20500000000004,4.140600000000003,2.0,2.0,5.0
191,191,CHEMBL3908622,inactive,O=C1NCC(c2cccc(Cl)c2Cl)N1c1ccc2nc[nH]c2c1,347.20500000000004,4.140600000000003,2.0,2.0,5.0
192,192,CHEMBL3970088,inactive,O=C1NCC(c2ccc(Cl)c(Cl)c2)N1c1ccc2nc[nH]c2c1,347.20500000000004,4.140600000000002,2.0,2.0,5.0
193,193,CHEMBL4106533,inactive,O=C1NC[C@H](c2ccc(Cl)c(Cl)c2)N1c1ccc2nc[nH]c2c1,347.20500000000004,4.140600000000002,2.0,2.0,5.0
194,194,CHEMBL3968850,inactive,O=C1NCC(c2ccc(-c3ccccc3)cc2)N1c1ccc2nc[nH]c2c1,354.41300000000007,4.500800000000003,2.0,2.0,5.0
195,195,CHEMBL3915680,inactive,O=C1NCC(c2ccc(-c3ccccc3)c(F)c2)N1c1ccc2nc[nH]c2c1,372.4030000000001,4.639900000000003,2.0,2.0,5.0
196,196,CHEMBL3966592,inactive,O=C1NCC(c2ccc(-c3cccc(Cl)c3)cc2)N1c1ccc2nc[nH]c2c1,388.85800000000006,5.154200000000004,2.0,2.0,5.0
197,197,CHEMBL3975078,inactive,O=C1NCC(c2ccc(-c3ccc(Cl)c(Cl)c3)cc2)N1c1ccc2nc[nH]c2c1,423.30300000000005,5.807600000000003,2.0,2.0,5.0
198,198,CHEMBL3942272,inactive,O=C1NCC(c2cccc(-c3ccccc3)c2)N1c1ccc2nc[nH]c2c1,354.41300000000007,4.500800000000003,2.0,2.0,5.0
199,199,CHEMBL3979955,inactive,O=C1NCC(c2cccc(-c3cccc(Cl)c3)c2)N1c1ccc2nc[nH]c2c1,388.85800000000006,5.154200000000004,2.0,2.0,5.0
200,200,CHEMBL3974001,inactive,O=C1NCC(c2ccc(N3CCOCC3)c(Cl)c2)N1c1ccc2nc[nH]c2c1,397.866,3.323800000000002,2.0,4.0,5.0
201,201,CHEMBL3973766,inactive,O=C1NCC(c2ccc(N3CCN(c4ccccc4)CC3)cc2)N1c1ccc2nc[nH]c2c1,438.53500000000014,4.160400000000003,2.0,4.0,5.0
202,202,CHEMBL3952056,inactive,O=C1NCC(c2ccccc2)N1c1ccc2nccn2c1,278.315,2.605200000000001,1.0,3.0,5.0
203,203,CHEMBL3969588,inactive,CCCOc1ccc(C2CNC(=O)N2c2ccc3nccn3c2)cc1,336.395,3.394000000000002,1.0,4.0,5.0
204,204,CHEMBL3899637,inactive,COc1cc(F)c(C2CNC(=O)N2c2ccn3ccnc3c2)c(F)c1,344.3210000000001,2.8920000000000012,1.0,4.0,5.0
205,205,CHEMBL3915129,inactive,COc1cc(C2CNC(=O)N2c2ccn3ccnc3c2)cc2c1OCO2,352.3500000000002,2.3425000000000002,1.0,6.0,5.0
206,206,CHEMBL3890650,inactive,O=C1NCC(c2ccc(OCCN3CCOCC3)cc2)N1c1ccn2ccnc2c1,407.474,2.3162000000000003,1.0,6.0,5.0
207,207,CHEMBL3974333,inactive,O=C1NCC(c2c(F)cccc2F)N1c1ccn2ccnc2c1,314.295,2.883400000000001,1.0,3.0,5.0
208,208,CHEMBL3935824,inactive,O=C1NCC(c2ccc(-c3ccccc3)c(F)c2)N1c1ccn2ccnc2c1,372.4030000000001,4.411300000000002,1.0,3.0,5.0
209,209,CHEMBL3898844,inactive,O=C1NCC(c2ccc(N3CCN(c4ccccc4)CC3)cc2)N1c1ccn2ccnc2c1,438.53500000000014,3.9318000000000035,1.0,5.0,5.0
210,210,CHEMBL3930410,inactive,COc1ccc(C2CN(N)C(=O)N2c2ccc3[nH]cnc3c2)cc1,323.35600000000005,2.4285000000000005,2.0,4.0,5.0
211,211,CHEMBL4112114,inactive,O=C1OC[C@H](c2ccccc2)N1c1ccc2[nH]cnc2c1,279.29900000000004,3.2608000000000015,1.0,3.0,5.0
212,212,CHEMBL4113587,inactive,CC(C)[C@H]1COC(=O)N1c1ccc2[nH]cnc2c1,245.282,2.5441000000000003,1.0,3.0,5.0
213,213,CHEMBL3911348,inactive,O=C1O[C@H](c2ccccc2)[C@H](c2ccccc2)N1c1ccc2[nH]cnc2c1,355.39700000000005,5.002100000000004,1.0,3.0,5.0
214,214,CHEMBL3961035,inactive,C[C@@H]1OC(=O)N(c2ccc3[nH]cnc3c2)[C@H]1c1ccccc1,293.326,3.649300000000002,1.0,3.0,5.0
215,215,CHEMBL3937100,inactive,CC1(C)OC(=O)N(c2ccc3[nH]cnc3c2)[C@H]1c1ccccc1,307.35300000000007,4.039400000000002,1.0,3.0,5.0
216,216,CHEMBL4110108,inactive,O=C1OC[C@H](c2ccc3c(c2)OCCO3)N1c1ccc2nc[nH]c2c1,337.335,3.032000000000001,1.0,5.0,5.0
217,217,CHEMBL4107616,inactive,O=C1OC[C@H](c2ccc3c(c2)OCO3)N1c1ccc2nc[nH]c2c1,323.308,2.9895000000000005,1.0,5.0,5.0
218,218,CHEMBL3890917,inactive,CCCOc1ccc([C@H]2[C@@H](c3ccc(OCCC)cc3)OC(=O)N2c2ccc3[nH]cnc3c2)cc1,471.55700000000013,6.579700000000006,1.0,5.0,5.0
219,219,CHEMBL3960000,inactive,CCCOc1ccc([C@@H]2OC(=O)N(c3ccc4[nH]cnc4c3)[C@H]2c2ccc(OCCC)cc2)cc1,471.55700000000024,6.579700000000005,1.0,5.0,5.0
220,220,CHEMBL3894256,inactive,CCCOc1ccc(C2C(c3ccccc3)OC(=O)N2c2ccc3[nH]cnc3c2)cc1,413.4770000000001,5.790900000000005,1.0,4.0,5.0
221,221,CHEMBL3919970,inactive,CCCOc1ccc([C@H]2[C@H](c3ccccc3)OC(=O)N2c2ccc3[nH]cnc3c2)cc1,413.4770000000001,5.790900000000005,1.0,4.0,5.0
222,222,CHEMBL4110999,inactive,O=C1OC[C@H](c2ccc(OCCN3CCNCC3)cc2)N1c1ccc2[nH]cnc2c1,407.474,2.5448000000000004,2.0,6.0,5.0
223,223,CHEMBL4106443,inactive,O=C1OC[C@H](c2ccc(OCCN3CCOCC3)cc2)N1c1ccc2[nH]cnc2c1,408.45799999999997,2.971800000000001,1.0,6.0,5.0
224,224,CHEMBL4108436,inactive,O=C1OC[C@H](c2cccc(F)c2F)N1c1ccc2[nH]cnc2c1,315.27899999999994,3.5390000000000015,1.0,3.0,5.0
225,225,CHEMBL4107932,inactive,O=C1OC[C@H](c2cccc(F)c2)N1c1ccc2[nH]cnc2c1,297.289,3.3999000000000015,1.0,3.0,5.0
226,226,CHEMBL4106463,inactive,O=C1OC[C@H](c2cc(F)cc(C(F)(F)F)c2)N1c1ccc2[nH]cnc2c1,365.28600000000006,4.418700000000003,1.0,3.0,5.0
227,227,CHEMBL4111160,inactive,O=C1OC[C@H](c2cccc(Cl)c2)N1c1ccc2[nH]cnc2c1,313.74399999999997,3.914200000000002,1.0,3.0,5.0
228,228,CHEMBL4114632,inactive,O=C1OC[C@H](c2ccc(Cl)cc2)N1c1ccc2[nH]cnc2c1,313.744,3.914200000000002,1.0,3.0,5.0
229,229,CHEMBL4112078,inactive,O=C1OC[C@H](c2ccc(-c3cccc(Cl)c3)cc2)N1c1ccc2[nH]cnc2c1,389.8420000000001,5.5812000000000035,1.0,3.0,5.0
230,230,CHEMBL4110439,inactive,O=C1OC[C@H](c2cccc(-c3cccc(Cl)c3)c2)N1c1ccc2[nH]cnc2c1,389.84200000000004,5.5812000000000035,1.0,3.0,5.0
231,231,CHEMBL4108058,inactive,CN1CCN(c2ccc([C@H]3COC(=O)N3c3ccc4nc[nH]c4c3)cc2)CC1,377.4480000000001,3.0126000000000017,1.0,5.0,5.0
232,232,CHEMBL4115592,inactive,O=C1OC[C@H](c2cccc(N3CCN(c4ccccc4)CC3)c2)N1c1ccc2nc[nH]c2c1,439.5190000000001,4.587400000000003,1.0,5.0,5.0
233,233,CHEMBL4114303,inactive,Cc1nc2ccc(N3C(=O)OC[C@@H]3c3ccccc3)cc2[nH]1,293.32599999999996,3.5692200000000014,1.0,3.0,5.0
234,234,CHEMBL3918986,inactive,COc1ccc(C2CCCN2c2ccc3nc[nH]c3c2)cc1,293.37,3.913000000000002,1.0,3.0,5.0
235,235,CHEMBL3915007,inactive,O=C1CSC(c2ccsc2)N1c1ccc2nc[nH]c2c1,301.396,3.4030000000000014,1.0,4.0,5.0
236,236,CHEMBL3946455,inactive,S=C1CSC(c2ccccc2)N1c1ccc2[nH]cnc2c1,311.435,4.142300000000002,1.0,3.0,5.0
237,237,CHEMBL3933929,inactive,COc1ccc(C2CCC(=O)N2c2ccc3[nH]cnc3c2)cc1,307.35300000000007,3.4396000000000013,1.0,3.0,5.0
238,238,CHEMBL3903156,inactive,CCCOc1ccc(C2CCC(=O)N2c2ccc3[nH]cnc3c2)cc1,335.407,4.219800000000003,1.0,3.0,5.0
239,239,CHEMBL3963778,inactive,O=C1CCC(c2ccc3c(c2)OCCO3)N1c1ccc2[nH]cnc2c1,335.363,3.2022000000000013,1.0,4.0,5.0
240,240,CHEMBL3926587,inactive,O=C1C2C=CC=CC2C(c2ccccc2)N1c1ccc2[nH]cnc2c1,327.38700000000006,4.0092000000000025,1.0,2.0,5.0
241,241,CHEMBL3902094,inactive,O=C1C2C=CC=CC2C(c2ccc(-c3ccccc3)cc2)N1c1ccc2[nH]cnc2c1,403.48500000000007,5.676200000000005,1.0,2.0,5.0
242,242,CHEMBL3889578,inactive,O=C1C2C=CC=CC2C(c2ccc(F)cc2)N1c1ccc2[nH]cnc2c1,345.377,4.1483000000000025,1.0,2.0,5.0
243,243,CHEMBL3896839,inactive,O=C1C2C=CC=CC2C(c2cccc(F)c2)N1c1ccc2[nH]cnc2c1,345.377,4.1483000000000025,1.0,2.0,5.0
244,244,CHEMBL3924877,inactive,O=C1C2C=CC=CC2C(c2cc(F)cc(F)c2)N1c1ccc2[nH]cnc2c1,363.367,4.2874000000000025,1.0,2.0,5.0
245,245,CHEMBL3910509,inactive,O=C1C2C=CC=CC2C(c2ccc(Cl)cc2)N1c1ccc2[nH]cnc2c1,361.83200000000005,4.662600000000004,1.0,2.0,5.0
246,246,CHEMBL3985646,inactive,O=C1C2C=CC=CC2C(c2ccc(Cl)c(Cl)c2)N1c1ccc2[nH]cnc2c1,396.27700000000004,5.316000000000003,1.0,2.0,5.0
247,247,CHEMBL3919439,inactive,O=C1C2C=CC=CC2C(c2cc(F)cc(Cl)c2)N1c1ccc2[nH]cnc2c1,379.82200000000006,4.801700000000003,1.0,2.0,5.0
248,248,CHEMBL3960005,inactive,COc1ccc(C2C3C=CC=CC3C(=O)N2c2ccc3[nH]cnc3c2)cc1,357.41300000000007,4.017800000000002,1.0,3.0,5.0
249,249,CHEMBL3937918,inactive,CCCOc1ccc(C2C3C=CC=CC3C(=O)N2c2ccc3[nH]cnc3c2)cc1,385.46700000000004,4.798000000000004,1.0,3.0,5.0
250,250,CHEMBL3909980,inactive,COc1ccc(C2C3C=CC=CC3C(=O)N2c2ccc3[nH]cnc3c2)cc1F,375.4030000000001,4.156900000000002,1.0,3.0,5.0
251,251,CHEMBL3922411,inactive,COc1ccc(C2C3C=CC=CC3C(=O)N2c2ccc3[nH]cnc3c2)cc1OC,387.43900000000014,4.026400000000002,1.0,4.0,5.0
252,252,CHEMBL3923461,inactive,O=C1C2C=CC=CC2C(c2ccc3c(c2)OCO3)N1c1ccc2[nH]cnc2c1,371.396,3.7379000000000016,1.0,4.0,5.0
253,253,CHEMBL3895472,inactive,O=C1C2C=CC=CC2C(c2ccc(Oc3ccccc3)cc2)N1c1ccc2[nH]cnc2c1,419.4840000000001,5.801500000000005,1.0,3.0,5.0
254,254,CHEMBL3900917,inactive,COc1ccc(C2C3C(Cl)=CC=C(Cl)C3C(=O)N2c2ccc3[nH]cnc3c2)cc1,426.3030000000001,5.150800000000005,1.0,3.0,5.0
255,255,CHEMBL3907476,inactive,COc1ccc(C2C3C=C(Cl)C(Cl)=CC3C(=O)N2c2ccc3[nH]cnc3c2)cc1,426.3030000000001,5.150800000000005,1.0,3.0,5.0
256,256,CHEMBL3908657,inactive,CCCOc1ccc(C2C3C=C(Cl)C(Cl)=CC3C(=O)N2c2ccc3[nH]cnc3c2)cc1,454.35700000000014,5.931000000000005,1.0,3.0,5.0
257,257,CHEMBL4112290,inactive,COc1ccc([C@@H]2c3ccccc3C(=O)N2c2ccc3nc[nH]c3c2)cc1OC,385.4230000000001,4.329900000000003,1.0,4.0,5.0
258,258,CHEMBL4110773,inactive,CCCOc1ccc([C@@H]2c3ccccc3C(=O)N2c2ccc3nc[nH]c3c2)cc1,383.451,5.101500000000003,1.0,3.0,5.0
259,259,CHEMBL4114024,inactive,O=C1c2ccccc2[C@@H](c2ccc(Cl)cc2)N1c1ccc2nc[nH]c2c1,359.81600000000003,4.9661000000000035,1.0,2.0,5.0
260,260,CHEMBL3953404,inactive,O=C1c2ccccc2[C@H](c2ccc(Cl)cc2)N1c1ccc2nc[nH]c2c1,359.81600000000003,4.9661000000000035,1.0,2.0,5.0
261,261,CHEMBL3929118,inactive,O=C1NCC(C2CCC(c3ccccc3)CC2)N1c1ccc2nc[nH]c2c1,360.461,4.435100000000003,2.0,2.0,5.0
262,262,CHEMBL3961326,inactive,O=C1NCC(C2CCN(c3ccccc3)CC2)N1c1ccc2nc[nH]c2c1,361.44900000000007,3.3777000000000017,2.0,3.0,5.0
263,263,CHEMBL3896767,inactive,COCCCc1ccc(C2CNC(=O)N2c2ccc3[nH]cnc3c2)cc1,350.422,3.4128000000000016,2.0,3.0,5.0
264,264,CHEMBL3906221,inactive,O=C1NCC(c2ccc(O)cc2)N1c1ccc2[nH]cnc2c1,294.314,2.5394000000000005,3.0,3.0,5.0
265,265,CHEMBL3985557,inactive,O=C1NCC(c2ccc(OC3CCCCC3)cc2)N1c1ccc2[nH]cnc2c1,376.46,4.545300000000004,2.0,3.0,5.0
266,266,CHEMBL3919365,inactive,COCCOc1ccc(C2CNC(=O)N2c2ccc3[nH]cnc3c2)cc1,352.39400000000006,2.859000000000001,2.0,4.0,5.0
267,267,CHEMBL4110225,inactive,CN(C)CCOc1ccc([C@H]2CNC(=O)N2c2ccc3[nH]cnc3c2)cc1,365.437,2.7742000000000004,2.0,4.0,5.0
268,268,CHEMBL3910437,inactive,CCCOc1ccc(C2CN(CCc3ccccc3)C(=O)N2c2ccc3[nH]cnc3c2)cc1,440.5470000000001,5.577700000000005,1.0,3.0,5.0
269,269,CHEMBL3974634,inactive,CCCOc1ccc(C2CN(Cc3ccc4ccccc4c3)C(=O)N2c2ccc3[nH]cnc3c2)cc1,476.58000000000015,6.688400000000007,1.0,3.0,5.0
270,270,CHEMBL3900219,inactive,CCCOc1ccc(C2CN(CCCc3ccccc3)C(=O)N2c2ccc3[nH]cnc3c2)cc1,454.57400000000007,5.967800000000006,1.0,3.0,5.0
271,271,CHEMBL3977130,inactive,CCCOc1ccc(C2CN(Cc3ccccc3)C(=O)N2c2ccc3[nH]cnc3c2)cc1,426.5200000000001,5.535200000000005,1.0,3.0,5.0
272,272,CHEMBL3968625,inactive,COc1cc(C2CNC(=O)N2c2ccc3[nH]cnc3c2)ccc1F,326.3310000000001,2.9815000000000005,2.0,3.0,5.0
273,273,CHEMBL3939077,inactive,CCCOc1ccc(C2CNC(=O)N2c2ccc3[nH]cnc3c2)cc1F,354.385,3.761700000000002,2.0,3.0,5.0
274,274,CHEMBL3910189,inactive,CCCOc1ccc(C2CNC(=O)N2c2ccc3[nH]cnc3c2)c(F)c1,354.385,3.761700000000002,2.0,3.0,5.0
275,275,CHEMBL4110411,inactive,CCN(CC)c1ccc([C@H]2CNC(=O)N2c2ccc3[nH]cnc3c2)cc1,349.43800000000005,3.6800000000000015,2.0,3.0,5.0
276,276,CHEMBL3981929,inactive,O=C1NCC(c2ccc(Cl)cc2)N1c1ccc2[nH]cnc2c1,312.76,3.4872000000000014,2.0,2.0,5.0
277,277,CHEMBL3964697,inactive,O=C1NCC(c2ccc(C3CCCCC3)cc2)N1c1ccc2[nH]cnc2c1,360.46099999999996,4.8815000000000035,2.0,2.0,5.0
278,278,CHEMBL3912068,inactive,O=C1NCC(c2ccc(C3CCC(N4CCOCC4)CC3)cc2)N1c1ccc2[nH]cnc2c1,445.5670000000001,4.192200000000003,2.0,4.0,5.0
279,279,CHEMBL4112755,inactive,CN1CCC(c2ccc([C@H]3CNC(=O)N3c3ccc4[nH]cnc4c3)cc2)CC1,375.4760000000001,3.6430000000000016,2.0,3.0,5.0
280,280,CHEMBL3913874,inactive,O=C1NCC(c2ccc(C3CCOCC3)cc2)N1c1ccc2[nH]cnc2c1,362.433,3.727800000000003,2.0,3.0,5.0
281,281,CHEMBL3915587,inactive,O=C1CCC(c2ccc(C3CNC(=O)N3c3ccc4[nH]cnc4c3)cc2)CC1,374.4440000000001,4.060500000000003,2.0,3.0,5.0
282,282,CHEMBL4109277,inactive,O=C1NC[C@H](c2ccc(C3CCC(F)(F)CC3)cc2)N1c1ccc2[nH]cnc2c1,396.441,5.126700000000004,2.0,2.0,5.0
283,283,CHEMBL3904874,inactive,O=C1NCC(c2ccc(N3CCCCC3)cc2)N1c1ccc2[nH]cnc2c1,361.449,3.8241000000000023,2.0,3.0,5.0
284,284,CHEMBL3972294,inactive,O=C1NCC(c2ccc(N3CCOCC3)cc2)N1c1ccc2[nH]cnc2c1,363.421,2.6704000000000008,2.0,4.0,5.0
285,285,CHEMBL3901160,inactive,O=C1NCC(c2ccc(C3CCCCC3)cc2)N1c1ccn2ccnc2c1,360.46099999999996,4.652900000000004,1.0,3.0,5.0
286,286,CHEMBL3921966,inactive,O=C1NCC(c2ccc(N3CCCC3)cc2)N1c1ccn2ccnc2c1,347.42199999999997,3.205400000000002,1.0,4.0,5.0
287,287,CHEMBL3910235,inactive,O=C1NCC(c2ccc(N3CCCCC3)cc2)N1c1ccn2ccnc2c1,361.449,3.595500000000002,1.0,4.0,5.0
288,288,CHEMBL3921144,inactive,O=C1NCC(c2cccc(N3CCCCC3)c2)N1c1ccn2ccnc2c1,361.449,3.595500000000003,1.0,4.0,5.0
289,289,CHEMBL4113021,inactive,COCCCc1ccc([C@H]2COC(=O)N2c2ccc3[nH]cnc3c2)cc1,351.406,3.839800000000003,1.0,4.0,5.0
290,290,CHEMBL3971554,inactive,CN(C)CCCc1ccc([C@@H]2COC(=O)N2c2ccc3[nH]cnc3c2)cc1,364.449,3.7550000000000026,1.0,4.0,5.0
291,291,CHEMBL4115103,inactive,Cc1cc(N2C(=O)OC[C@@H]2c2ccccc2)cc2nc[nH]c12,293.326,3.5692200000000014,1.0,3.0,5.0
292,292,CHEMBL4115290,inactive,O=C1OC[C@H](c2ccccc2)N1c1cc(F)c2[nH]cnc2c1,297.289,3.3999000000000015,1.0,3.0,5.0
293,293,CHEMBL3963022,inactive,O=C1OC[C@H](CC2CCCCC2)N1c1ccc2[nH]cnc2c1,299.374,3.858500000000002,1.0,3.0,5.0
294,294,CHEMBL4107394,inactive,O=C1OC[C@H](C2CCCCC2)N1c1ccc2[nH]cnc2c1,285.34700000000004,3.4684000000000017,1.0,3.0,5.0
295,295,CHEMBL4115155,inactive,O=C1OC[C@H](C2CCC(c3ccccc3)CC2)N1c1ccc2[nH]cnc2c1,361.44500000000005,4.862100000000003,1.0,3.0,5.0
296,296,CHEMBL4111264,inactive,O=C1OC[C@H](C2CCN(c3ccccc3)CC2)N1c1ccc2[nH]cnc2c1,362.43300000000005,3.804700000000002,1.0,4.0,5.0
297,297,CHEMBL3936074,inactive,CC(c1ccccc1)C1COC(=O)N1c1ccc2[nH]cnc2c1,307.353,3.6918000000000015,1.0,3.0,5.0
298,298,CHEMBL3969198,inactive,CCCOc1ccc(C[C@H]2COC(=O)N2c2ccc3[nH]cnc3c2)cc1,351.406,3.9196000000000026,1.0,4.0,5.0
299,299,CHEMBL3930656,inactive,CC(C)Oc1ccc(C[C@H]2COC(=O)N2c2ccc3[nH]cnc3c2)cc1,351.406,3.918000000000003,1.0,4.0,5.0
300,300,CHEMBL3958131,inactive,O=C1OC[C@H](Cc2ccc(Oc3ccccc3)cc2)N1c1ccc2[nH]cnc2c1,385.42300000000006,4.923100000000003,1.0,4.0,5.0
301,301,CHEMBL3953608,inactive,O=C1OC[C@H](CCc2ccccc2)N1c1ccc2[nH]cnc2c1,307.35300000000007,3.520900000000002,1.0,3.0,5.0
302,302,CHEMBL3945014,inactive,O=C1OCC(c2ccc(OC3CCCCC3)cc2)N1c1ccc2[nH]cnc2c1,377.444,4.972300000000004,1.0,4.0,5.0
303,303,CHEMBL4108887,inactive,CCCOc1ccc([C@H]2COC(=O)N2c2cc(C)c3[nH]cnc3c2)cc1,351.406,4.3580200000000024,1.0,4.0,5.0
304,304,CHEMBL4115663,inactive,COCCOc1ccc([C@H]2COC(=O)N2c2ccc3[nH]cnc3c2)cc1,353.37800000000004,3.2860000000000014,1.0,5.0,5.0
305,305,CHEMBL4106950,inactive,CN(C)CCOc1ccc([C@H]2COC(=O)N2c2ccc3[nH]cnc3c2)cc1,366.421,3.201200000000002,1.0,5.0,5.0
306,306,CHEMBL3933790,inactive,COc1cc(F)c(C2COC(=O)N2c2ccc3[nH]cnc3c2)c(F)c1,345.30500000000006,3.547600000000002,1.0,4.0,5.0
307,307,CHEMBL4114901,inactive,CCN(CC)c1ccc([C@H]2COC(=O)N2c2ccc3[nH]cnc3c2)cc1,350.422,4.107000000000003,1.0,4.0,5.0
308,308,CHEMBL4111583,inactive,COCCN(CCOC)c1ccc([C@H]2COC(=O)N2c2ccc3[nH]cnc3c2)cc1,410.47400000000005,3.360000000000002,1.0,6.0,5.0
309,309,CHEMBL4108509,inactive,O=C1OC[C@H](c2ccc(N(C3CC3)C3CC3)cc2)N1c1ccc2[nH]cnc2c1,374.444,4.392000000000003,1.0,4.0,5.0
310,310,CHEMBL4110634,inactive,O=C1OC[C@H](c2ccc(-c3ccccc3)cc2)N1c1ccc2[nH]cnc2c1,355.39700000000005,4.927800000000004,1.0,3.0,5.0
311,311,CHEMBL3980044,inactive,O=C1CCC(c2ccc(C3COC(=O)N3c3ccc4[nH]cnc4c3)cc2)CC1,375.42800000000005,4.487500000000003,1.0,4.0,5.0
312,312,CHEMBL3936574,inactive,COC1CCC(c2ccc(C3COC(=O)N3c3ccc4[nH]cnc4c3)cc2)CC1,391.4710000000001,4.933400000000004,1.0,4.0,5.0
313,313,CHEMBL3950792,inactive,O=C1OCC(c2ccc(C3CCC(O)CC3)cc2)N1c1ccc2[nH]cnc2c1,377.444,4.279300000000003,2.0,4.0,5.0
314,314,CHEMBL3921242,inactive,O=C1OCC(c2ccc(C3CCC(N4CCOCC4)CC3)cc2)N1c1ccc2[nH]cnc2c1,446.55100000000016,4.619200000000004,1.0,5.0,5.0
315,315,CHEMBL3949071,inactive,O=C1OCC(c2ccc(N3CCCC3)cc2)N1c1ccc2[nH]cnc2c1,348.40599999999995,3.8610000000000024,1.0,4.0,5.0
316,316,CHEMBL4113653,inactive,O=C1OC[C@H](c2ccc(N3CCCCC3)cc2)N1c1ccc2[nH]cnc2c1,362.433,4.251100000000003,1.0,4.0,5.0
317,317,CHEMBL4112748,inactive,O=C1OC[C@H](c2cccc(N3CCCCC3)c2)N1c1ccc2[nH]cnc2c1,362.433,4.251100000000003,1.0,4.0,5.0
318,318,CHEMBL4108002,inactive,O=C1OC[C@H](c2ccc(N3CCOCC3)cc2)N1c1ccc2[nH]cnc2c1,364.405,3.0974000000000013,1.0,5.0,5.0
319,319,CHEMBL4110782,intermediate,O=C1OC[C@H](c2cccc(N3CCOCC3)c2)N1c1ccc2[nH]cnc2c1,364.405,3.0974000000000013,1.0,5.0,5.0
320,320,CHEMBL3985426,intermediate,O=C1OCC(c2ccc(C3CCOCC3)cc2)N1c1ccc2[nH]cnc2c1,363.41700000000003,4.1548000000000025,1.0,4.0,5.0
321,321,CHEMBL3915695,intermediate,CN1CCC(c2ccc(C3COC(=O)N3c3ccc4[nH]cnc4c3)cc2)CC1,376.4600000000001,4.070000000000003,1.0,4.0,5.0
322,322,CHEMBL4111170,intermediate,CN1CCN(c2cccc([C@H]3COC(=O)N3c3ccc4nc[nH]c4c3)c2)CC1,377.4480000000001,3.012600000000001,1.0,5.0,5.0
323,323,CHEMBL4108848,intermediate,O=C1OC[C@H](c2ccc3c(c2)OCCO3)N1c1ccn2ccnc2c1,337.335,2.803400000000001,0.0,6.0,5.0
324,324,CHEMBL4109590,intermediate,O=C1OC[C@H](c2ccc(C3CCCCC3)cc2)N1c1ccn2ccnc2c1,361.445,5.079900000000005,0.0,4.0,5.0
325,325,CHEMBL4107605,intermediate,O=C1OC[C@H](c2ccc(N3CCCCC3)cc2)N1c1ccn2ccnc2c1,362.433,4.022500000000003,0.0,5.0,5.0
326,326,CHEMBL4112064,inactive,O=C1OC[C@H](c2ccc(N3CCOCC3)cc2)N1c1ccn2ccnc2c1,364.405,2.868800000000001,0.0,6.0,5.0
327,327,CHEMBL4112094,inactive,O=C1OC[C@H](c2ccc(N3CCN(c4ccccc4)CC3)cc2)N1c1ccn2ccnc2c1,439.5190000000001,4.358800000000004,0.0,6.0,5.0
328,328,CHEMBL3960866,inactive,CCCOc1ccc(C2C3C(F)=CC=C(F)C3C(=O)N2c2ccn3ccnc3c2)cc1,421.44700000000006,5.163800000000005,0.0,4.0,5.0
329,329,CHEMBL3954401,inactive,COc1ccc(C2C3C=CC=CC3C(=O)N2c2ccn3ccnc3c2)cc1OC,387.43900000000014,3.7978000000000023,0.0,5.0,5.0
330,330,CHEMBL3926755,inactive,COc1ccc([C@H]2C3C=CC=CC3C(=O)N2c2ccn3ccnc3c2)cc1OC,387.43900000000014,3.7978000000000023,0.0,5.0,5.0
331,331,CHEMBL3941653,inactive,Sc1nnc(-c2ccc3[nH]cnc3c2)o1,218.24099999999999,1.9015999999999993,2.0,5.0,5.000434511774017
332,332,CHEMBL3955550,active,CC(C)(C)c1ccc(CSc2nnc(-c3ccc4[nH]cnc4c3)o2)cc1,364.47400000000005,5.2027000000000045,1.0,5.0,5.259637310505756
333,333,CHEMBL3911293,active,Clc1ccc(CSc2nnc(-c3ccc4[nH]cnc4c3)o2)cc1,342.8110000000001,4.558600000000003,1.0,5.0,5.047207556955908
334,334,CHEMBL3916473,active,Fc1ccc(CSc2nnc(-c3ccc4[nH]cnc4c3)o2)cc1,326.3560000000001,4.0443000000000024,1.0,5.0,5.22548303427145
335,335,CHEMBL3986946,active,Fc1cc(CSc2nnc(-c3ccc4[nH]cnc4c3)o2)cc(F)c1F,362.3360000000001,4.322500000000001,1.0,5.0,5.016373712875465
336,336,CHEMBL3958231,active,Fc1c(F)c(F)c(CSc2nnc(-c3ccc4[nH]cnc4c3)o2)c(F)c1F,398.3160000000001,4.600700000000002,1.0,5.0,5.688246138944246
337,337,CHEMBL3969169,active,Cc1cc(C)c(CSc2nnc(-c3ccc4[nH]cnc4c3)o2)c(C)c1,350.4470000000001,4.830460000000003,1.0,5.0,5.136677139879544
338,338,CHEMBL3947463,active,Cc1c(C)c(C)c(CSc2nnc(-c3ccc4[nH]cnc4c3)o2)c(C)c1C,378.50100000000015,5.447300000000005,1.0,5.0,4.4156687756324695
339,339,CHEMBL3974413,active,COc1cc(CSc2nnc(-c3ccc4[nH]cnc4c3)o2)cc(OC)c1OC,398.44400000000024,3.931000000000002,1.0,8.0,4.815308569182401
340,340,CHEMBL3944986,active,c1ccc(CSc2nnc(-c3ccc4[nH]cnc4c3)o2)nc1,309.35400000000004,3.300200000000001,1.0,6.0,4.705533773838407
341,341,CHEMBL3956476,active,c1cncc(CSc2nnc(-c3ccc4[nH]cnc4c3)o2)c1,309.3540000000001,3.300200000000001,1.0,6.0,4.541664374008053
342,342,CHEMBL3957056,active,COc1ccc(Nc2nnc(-c3ccc4[nH]cnc4c3)o2)cc1OC,337.3390000000001,3.3737000000000013,2.0,7.0,4.823330067331851
343,343,CHEMBL3963868,active,Clc1ccc(Nc2nnc(-c3ccc4[nH]cnc4c3)o2)cc1,311.7320000000001,4.009900000000002,2.0,5.0,4.235077015350112
344,344,CHEMBL3922862,active,Fc1ccc(Nc2nnc(-c3ccc4[nH]cnc4c3)o2)cc1,295.27700000000004,3.4956000000000005,2.0,5.0,4.684029654543083
345,345,CHEMBL3964309,active,Fc1ccc(CNc2nnc(-c3ccc4[nH]cnc4c3)o2)cc1,309.30400000000003,3.3641000000000005,2.0,5.0,4.617982957425132
346,346,CHEMBL3980878,active,Cc1ccc(CNc2nnc(-c3ccc4[nH]cnc4c3)o2)cc1,305.34100000000007,3.5334200000000013,2.0,5.0,4.373659632624958
347,347,CHEMBL4089521,active,CNCCCCOc1ccc(NC(=S)NCCCn2cncc2C)cc1OC,405.56800000000015,2.9552200000000006,3.0,6.0,7.790484985457369
348,348,CHEMBL4088456,active,CNCCCOc1ccc(NC(=S)NCCCn2cncc2C)cc1OC,391.5410000000001,2.5651199999999994,3.0,6.0,8.161150909262744
349,349,CHEMBL4061029,active,CNCCOc1ccc(NC(=S)NCCCn2cncc2C)cc1OC,377.51400000000007,2.175019999999999,3.0,6.0,7.412289034981089
350,350,CHEMBL4100893,active,COc1cc(NC(=S)NCCCn2cncc2C)ccc1OCCCCN,391.5410000000003,2.69452,3.0,6.0,7.860120913598763
351,351,CHEMBL4082916,active,COc1cc(NC(=S)NCCCn2cncc2C)ccc1OCCCN,377.51400000000024,2.30442,3.0,6.0,8.275724130399212
352,352,CHEMBL4093175,active,COc1cc(NC(=S)NCCCn2cncc2C)ccc1OCCN,363.4870000000002,1.9143199999999998,3.0,6.0,7.519993057042849
353,353,CHEMBL4077433,active,COc1cc(NC(=S)NCCCn2cncc2C)ccc1OCCN1CCNCC1,432.59400000000034,1.8608199999999997,3.0,7.0,9.154901959985743
354,354,CHEMBL4100758,active,COc1cc(NC(=S)NCCCn2cncc2C)ccc1OCCCCN1CCOCC1,461.63200000000046,3.0680200000000015,2.0,7.0,8.036212172654444
355,355,CHEMBL4085595,active,COc1cc(NC(=S)NCCCn2cncc2C)ccc1OCCCN1CCOCC1,447.6050000000004,2.677920000000001,2.0,7.0,7.85078088734462
356,356,CHEMBL4062616,active,COc1cc(NC(=S)NCCCn2cncc2C)ccc1OCCN1CCOCC1,433.5780000000004,2.28782,2.0,7.0,7.903089986991944
357,357,CHEMBL4090828,active,COc1cc(NC(=S)NCCCn2cncc2C)ccc1OCCCCN1CCCCC1,459.6600000000005,4.221720000000004,2.0,6.0,7.903089986991944
358,358,CHEMBL4063751,active,COc1cc(NC(=S)NCCCn2cncc2C)ccc1OCCCN1CCCCC1,445.63300000000044,3.8316200000000027,2.0,6.0,7.872895201635193
359,359,CHEMBL4065376,active,COc1cc(NC(=S)NCCCn2cncc2C)ccc1OCCN1CCCCC1,431.6060000000004,3.4415200000000024,2.0,6.0,7.607303046740334
360,360,CHEMBL4076559,active,COc1cc(NC(=S)NCCCn2cncc2C)ccc1OCCCCNc1ncc(F)cn1,487.6050000000003,3.777020000000002,3.0,8.0,7.756961951313706
361,361,CHEMBL4086721,active,COc1cc(NC(=S)NCCCn2cncc2C)ccc1OCCCNc1ncc(F)cn1,473.57800000000026,3.3869200000000017,3.0,8.0,7.732828271596986
362,362,CHEMBL4075925,active,COc1cc(NC(=S)NCCCn2cncc2C)ccc1OCCCCNc1ncccn1,469.6150000000003,3.637920000000002,3.0,8.0,8.244125144327509
363,363,CHEMBL4059704,active,COc1cc(NC(=S)NCCCn2cncc2C)ccc1OCCCNc1ncccn1,455.58800000000025,3.2478200000000017,3.0,8.0,7.756961951313706
364,364,CHEMBL4081649,active,COc1cc(NC(=S)NCCCn2cncc2C)ccc1OCCNc1ncccn1,441.5610000000002,2.8577200000000005,3.0,8.0,7.404503778174426
365,365,CHEMBL4102625,active,COc1cc(NC(=S)NCCCn2cncc2C)ccc1OCCCNC(=N)N,419.55500000000023,1.8287900000000004,5.0,6.0,7.3851027839668655
366,366,CHEMBL4071094,active,COc1cc(NC(=S)NCCCn2cncc2C)ccc1OCCCNC(C)=O,419.5510000000003,2.481820000000001,3.0,6.0,7.38933983691012
367,367,CHEMBL4070663,active,COc1cc(NC(=S)NCCCn2cncc2C)ccc1OCCCCN(C)C,419.5950000000003,3.2974200000000016,2.0,6.0,8.431798275933005
368,368,CHEMBL4097231,active,COc1cc(NC(=S)NCCCn2cncc2C)ccc1OCCCN(C)C,405.56800000000027,2.9073200000000012,2.0,6.0,7.886056647693163
369,369,CHEMBL4065832,active,COc1cc(NC(=S)NCCCn2cncc2C)ccc1OCCN(C)C,391.5410000000002,2.517220000000001,2.0,6.0,7.413412695328245
370,370,CHEMBL4081803,active,COc1cc(NC(=S)NCCCn2cncc2C)ccc1OCCCN1CCNCC1,446.6210000000004,2.2509200000000007,3.0,7.0,7.943095148663527
371,371,CHEMBL4099813,active,COc1cc(NC(=S)NCCCn2cncc2C)ccc1OCCCCN1CCNCC1,460.6480000000004,2.641020000000001,3.0,7.0,8.318758762624412
372,372,CHEMBL4071297,active,COc1cc(NC(=S)NCCCn2cncc2C)ccc1OCCN1CCN(C)CC1,446.6210000000004,2.2030199999999995,2.0,7.0,8.136677139879543
373,373,CHEMBL4098332,active,COc1cc(NC(=S)NCCCn2cncc2C)ccc1OCCCN1CCN(C)CC1,460.6480000000004,2.5931200000000008,2.0,7.0,7.931814138253839
374,374,CHEMBL4062645,active,COc1cc(NC(=S)NCCCn2cncc2C)ccc1OCCCCN1CCN(C)CC1,474.67500000000047,2.983220000000001,2.0,7.0,8.086186147616283
375,375,CHEMBL4090608,active,COc1cc(NC(=S)NCCCn2cncc2C)ccc1OCCC1CCNCC1,431.60600000000034,3.345320000000002,3.0,6.0,7.860120913598763
376,376,CHEMBL4073599,active,COc1cc(NC(=S)NCCCn2cncc2C)ccc1OCCCC1CCNCC1,445.6330000000004,3.735420000000002,3.0,6.0,8.142667503568731
377,377,CHEMBL4082802,intermediate,COc1cc(NC(=S)NCCCn2cncc2C)ccc1OCCCCC1CCNCC1,459.6600000000004,4.125520000000003,3.0,6.0,8.10790539730952
378,378,CHEMBL4093071,intermediate,COc1cc(NC(=S)NCCCn2cncc2C)ccc1OCCC1CCN(C)CC1,445.6330000000004,3.687520000000003,2.0,6.0,8.337242168318426
379,379,CHEMBL4077135,intermediate,COc1cc(NC(=S)NCCCn2cncc2C)ccc1OCCCC1CCN(C)CC1,459.6600000000004,4.077620000000003,2.0,6.0,7.694648630553377
380,380,CHEMBL4102431,intermediate,COc1cc(NC(=S)NCCCn2cncc2C)ccc1OCCCCC1CCN(C)CC1,473.68700000000047,4.467720000000004,2.0,6.0,7.910094888560602
381,381,CHEMBL4099260,intermediate,COc1cc(NC(=S)NCCCn2cncc2C)ccc1OCCc1ccc(N)cc1,439.58500000000026,3.780520000000002,3.0,6.0,8.113509274827518
382,382,CHEMBL4062842,intermediate,COc1cc(NC(=S)NCCCn2cncc2C)ccc1OCCCc1ccc(N)cc1,453.6120000000003,4.170620000000003,3.0,6.0,8.045757490560675
383,383,CHEMBL4084521,intermediate,COc1cc(NC(=S)NCCCn2cncc2C)ccc1OCCCCc1ccc(N)cc1,467.63900000000035,4.560720000000003,3.0,6.0,8.080921907623926
384,384,CHEMBL4076975,active,COc1cc(NC(=S)NCCCn2cncc2C)ccc1OCCc1ccncc1,425.5580000000002,3.593320000000002,2.0,6.0,7.628932137728263
385,385,CHEMBL4063693,intermediate,COc1cc(NC(=S)NCCCn2cncc2C)ccc1OCCCc1ccncc1,439.58500000000026,3.9834200000000033,2.0,6.0,7.841637507904751
386,386,CHEMBL4093243,intermediate,COc1cc(NC(=S)NCCCn2cncc2C)ccc1OCCCCc1ccncc1,453.6120000000003,4.373520000000004,2.0,6.0,8.040958607678906
387,387,CHEMBL4065599,intermediate,COc1cc(NC(=S)NCCCn2cncc2C)ccc1OCCCCc1cccnc1,453.6120000000003,4.373520000000004,2.0,6.0,7.703334809738469
388,388,CHEMBL4074799,intermediate,COc1cc(NC(=S)NCCCn2cncc2C)ccc1OCCc1ccnc(N)c1,440.57300000000026,3.1755200000000015,3.0,7.0,8.259637310505756
389,389,CHEMBL4074222,intermediate,COc1cc(NC(=S)NCCCn2cncc2C)ccc1OCCCc1ccnc(N)c1,454.6000000000003,3.565620000000002,3.0,7.0,7.97061622231479
390,390,CHEMBL4097599,intermediate,COc1cc(NC(=S)NCCCn2cncc2C)ccc1OCCCCc1ccnc(N)c1,468.62700000000035,3.955720000000002,3.0,7.0,8.346787486224656
391,391,CHEMBL4070421,intermediate,COc1cc(NC(=S)NCCCn2cncc2C)ccc1OCCCCc1ccnc(NC(C)=O)c1,510.6640000000004,4.331920000000004,3.0,7.0,7.721246399047171
392,392,CHEMBL4066278,inactive,COc1cc(NC(=S)NCCCn2cncc2C)ccc1OCCCc1cc(N)nc(N)c1,469.61500000000035,3.1478200000000003,4.0,8.0,7.779891911959945
393,393,CHEMBL4093854,active,COc1cc(NC(=S)NCCCn2cncc2C)ccc1OCCCCc1cc(N)nc(N)c1,483.6420000000004,3.5379200000000006,4.0,8.0,7.815308569182402
394,394,CHEMBL4074894,active,COc1cc(NC(=S)NCCCn2cncc2C)ccc1OCCCCc1cccc(N)n1,468.62700000000035,3.955720000000002,3.0,7.0,7.714442690992226
395,395,CHEMBL4101582,active,COc1cc(NC(=S)NCCCn2cncc2C)ccc1OCCCc1cncnc1,440.57300000000026,3.378420000000002,2.0,7.0,7.449771646944906
396,396,CHEMBL4075609,active,COc1cc(NC(=S)NCCCn2cncc2C)ccc1OCCCCc1cncnc1,454.6000000000003,3.768520000000003,2.0,7.0,7.671620396561262
397,397,CHEMBL4063517,active,COc1cc(NC(=S)NCCCn2cncc2C)ccc1OCCCc1cnc(N)nc1,455.5880000000003,2.9606200000000005,3.0,8.0,7.688246138944246
398,398,CHEMBL4092890,active,COc1cc(NC(=S)NCCCn2cncc2C)ccc1OCCCCc1cnc(N)nc1,469.61500000000035,3.3507200000000017,3.0,8.0,7.735182176990463
399,399,CHEMBL4068882,active,COc1ccc(-c2ccccc2NCCCn2cnc(C)c2)cc1OC,351.4500000000001,4.377920000000002,1.0,5.0,6.050609993355087
400,400,CHEMBL4068968,active,Fc1ccc(-c2c(F)cccc2NCCCn2ccnc2)cc1,313.351,4.3305000000000025,1.0,3.0,5.806875401645538
401,401,CHEMBL4076098,active,Cc1cccc(NCCCn2ccnc2)c1-c1ccc(F)cc1,309.38800000000003,4.499820000000003,1.0,3.0,6.080921907623926
402,402,CHEMBL4073798,active,Fc1ccc(-c2ccccc2NCCCn2ccnc2)cc1,295.361,4.191400000000002,1.0,3.0,5.519993057042849
403,403,CHEMBL4081943,active,COc1ccc(-c2c(C)cccc2NCCCn2ccnc2)cc1OC,351.45000000000005,4.377920000000002,1.0,5.0,6.1938200260161125
404,404,CHEMBL4064101,active,COc1ccc(-c2cccc(F)c2NCCCn2ccnc2)cc1OC,355.413,4.208600000000002,1.0,5.0,5.860120913598763
405,405,CHEMBL4083232,active,COc1ccc(-c2ccccc2NCCCn2ccnc2)cc1OC,337.42300000000006,4.0695000000000014,1.0,5.0,5.681936665037238
406,406,CHEMBL4102009,active,COc1ccc(-c2cccc(F)c2NCCCn2cnc(C)c2)cc1OC,369.44000000000005,4.517020000000002,1.0,5.0,6.301029995663981
407,407,CHEMBL4078102,active,COc1ccc(-c2ccc(C)cc2NCCCn2cnc(C)c2)cc1OC,365.4770000000001,4.686340000000004,1.0,5.0,5.590066876668706
408,408,CHEMBL4102373,active,COc1ccc(-c2cc(C)ccc2NCCCn2cnc(C)c2)cc1OC,365.4770000000001,4.686340000000003,1.0,5.0,6.026872146400302
409,409,CHEMBL4064459,active,COc1ccc(-c2c(C)cccc2NCCCn2cnc(C)c2)cc1OC,365.4770000000001,4.686340000000003,1.0,5.0,6.154901959985743
410,410,CHEMBL4093740,active,Cc1cn(CCCNc2ccccc2-c2ccc(F)cc2)cn1,309.38800000000003,4.499820000000003,1.0,3.0,5.910094888560602
411,411,CHEMBL4073041,active,Cc1ccc(-c2ccc(F)cc2)c(NCCCn2cnc(C)c2)c1,323.415,4.808240000000003,1.0,3.0,5.790484985457369
412,412,CHEMBL4101461,active,Cc1cn(CCCNc2cccc(C)c2-c2ccc(F)cc2)cn1,323.415,4.808240000000004,1.0,3.0,6.102372908709558
413,413,CHEMBL4083469,active,Cc1cn(CCCNc2cccc(F)c2-c2ccc(F)cc2)cn1,327.37800000000004,4.638920000000003,1.0,3.0,6.055517327849832
414,414,CHEMBL4063399,active,Cc1cn(CCCNc2ccccc2-c2cccc(F)c2)cn1,309.38800000000003,4.499820000000004,1.0,3.0,4.809668301829708
415,415,CHEMBL4127037,active,COc1ccc(NC(=S)NCCCn2cncc2C)cc1OCCN,363.4870000000002,1.9143199999999996,3.0,6.0,8.102372908709558
416,416,CHEMBL4129900,active,COc1ccc(NC(=S)NCCCn2cncc2C)cc1OCCCN,377.51400000000024,2.30442,3.0,6.0,8.045757490560675
417,417,CHEMBL4128529,active,COc1ccc(NC(=S)NCCCn2cncc2C)cc1OCCCCN,391.5410000000003,2.69452,3.0,6.0,8.05551732784983
418,418,CHEMBL4126468,active,CNCCCOc1cc(NC(=S)NCCCn2cncc2C)ccc1OC,391.5410000000001,2.5651199999999994,3.0,6.0,7.5718652059712115
419,419,CHEMBL4129751,active,CNCCCCOc1cc(NC(=S)NCCCn2cncc2C)ccc1OC,405.5680000000001,2.9552200000000006,3.0,6.0,7.657577319177793
420,420,CHEMBL4127700,active,COc1ccc(NC(=S)NCCCn2cncc2C)cc1OCCCCN(C)C,419.5950000000003,3.2974200000000016,2.0,6.0,7.329754146925876
421,421,CHEMBL4126320,active,COc1ccc(NC(=S)NCCCn2cncc2C)cc1OCCN1CCNCC1,432.59400000000034,1.8608199999999997,3.0,7.0,7.735182176990463
422,422,CHEMBL4128944,active,COc1ccc(NC(=S)NCCCn2cncc2C)cc1OCCCN1CCNCC1,446.6210000000004,2.25092,3.0,7.0,7.801342913045577
423,423,CHEMBL4127544,active,COc1ccc(NC(=S)NCCCn2cncc2C)cc1OCCCCN1CCNCC1,460.6480000000004,2.64102,3.0,7.0,7.823908740944319
424,424,CHEMBL4130158,active,COc1ccc(NC(=S)NCCCn2cncc2C)cc1OCCC1CCNCC1,431.60600000000034,3.345320000000002,3.0,6.0,8.136677139879543
425,425,CHEMBL4128801,active,COc1ccc(NC(=S)NCCCn2cncc2C)cc1OCCCC1CCNCC1,445.6330000000004,3.735420000000002,3.0,6.0,8.05551732784983
426,426,CHEMBL4130012,active,COc1ccc(NC(=S)NCCCn2cncc2C)cc1OCCCCC1CCNCC1,459.6600000000004,4.1255200000000025,3.0,6.0,8.102372908709558
427,427,CHEMBL4126747,active,COc1ccc(NC(=S)NCCCn2cncc2C)cc1OCCC1CCN(C)CC1,445.6330000000004,3.687520000000003,2.0,6.0,7.686132779630847
428,428,CHEMBL4128798,active,COc1ccc(NC(=S)NCCCn2cncc2C)cc1OCCc1ccnc(N)c1,440.57300000000026,3.1755200000000006,3.0,7.0,7.578396073130169
429,429,CHEMBL4130156,active,COc1ccc(NC(=S)NCCCn2cncc2C)cc1OCCCc1ccnc(N)c1,454.6000000000003,3.565620000000002,3.0,7.0,7.823908740944319
430,430,CHEMBL4127824,active,COc1ccc(NC(=S)NCCCn2cncc2C)cc1OCCCCc1ccnc(N)c1,468.62700000000035,3.955720000000002,3.0,7.0,7.798602875679548
431,431,CHEMBL4129225,active,COc1ccc(NC(=S)NCCCn2cncc2C)cc1OCCCCc1ncccn1,454.6000000000003,3.7685200000000023,2.0,7.0,7.818156412055227
432,432,CHEMBL4126591,active,Cc1cncn1CCCNC(=S)Nc1ccc(OCCN2CCNCC2)cc1,402.5680000000003,1.8522200000000002,3.0,6.0,7.7281583934635005
433,433,CHEMBL4127982,active,Cc1cncn1CCCNC(=S)Nc1ccc(OCCCCc2ccnc(N)c2)cc1,438.60100000000034,3.9471200000000017,3.0,6.0,7.607303046740334
434,434,CHEMBL4130284,active,Cc1cncn1CCCNC(=S)Nc1ccc(OCC(=O)N2CCNCC2)cc1,416.55100000000033,1.3788200000000004,3.0,6.0,7.943095148663527
435,435,CHEMBL4127015,active,Cc1cncn1CCCNC(=S)Nc1ccc(OCC(=O)NC2CCNCC2)cc1,430.5780000000003,1.81522,4.0,6.0,7.889410289700751
436,436,CHEMBL4130218,active,Cc1cncn1CCCNC(=S)Nc1ccc(OCC(=O)NC2CCN(CCN)CC2)cc1,473.64700000000045,1.4863200000000019,4.0,7.0,8.102372908709558
437,437,CHEMBL4128856,active,Cc1cncn1CCCNC(=S)Nc1ccc(OCC(=O)NCc2ccnc(N)c2)cc1,453.5720000000003,2.240619999999999,4.0,7.0,7.247951552180561
438,438,CHEMBL4129008,active,Cc1cncn1CCCNC(=S)Nc1ccc(C(=O)NC2CCN(CCN)CC2)cc1,443.6210000000004,1.7211200000000013,4.0,6.0,7.790484985457369
439,439,CHEMBL4127604,active,Cc1cncn1CCCNC(=S)Nc1ccc(/C=C/C(=O)N2CCNCC2)cc1,412.5630000000003,2.01322,3.0,5.0,7.7121982700697735
440,440,CHEMBL4127764,active,Cc1cncn1CCCNC(=S)Nc1ccc(/C=C/C(=O)N2CCN(CCN)CC2)cc1,455.6320000000004,1.6843200000000016,3.0,6.0,8.193820026016112
441,441,CHEMBL4126383,active,Cc1cncn1CCCNC(=S)Nc1ccc(/C=C/C(=O)NC2CCNCC2)cc1,426.59000000000026,2.4496200000000004,4.0,5.0,7.585026652029182
442,442,CHEMBL4126533,active,Cc1cncn1CCCNC(=S)Nc1ccc(/C=C/C(=O)NC2CCN(CCN)CC2)cc1,469.6590000000004,2.1207200000000013,4.0,6.0,7.950781977329818
443,443,CHEMBL4204093,active,COc1cc(NC(=S)NCCCn2cncc2C)ccc1OCCCCc1ccnc(NCCN)c1,511.6960000000004,3.7441200000000014,4.0,8.0,8.744727494896694
444,444,CHEMBL4203546,active,COc1cc(NC(=S)NCCCn2cncc2C)ccc1OCCCCc1ccnc(NCCO)c1,512.6800000000004,3.777720000000002,4.0,8.0,8.060480747381382
445,445,CHEMBL4208430,active,CNc1cc(CCCCOc2ccc(NC(=S)NCCCn3cncc3C)cc2OC)ccn1,482.6540000000003,4.415220000000003,3.0,7.0,7.872895201635193
446,446,CHEMBL4213886,active,COc1cc(NC(=S)NCCCn2cncc2C)ccc1OCc1ccc(C2CCNCC2)cc1,493.67700000000036,4.6228200000000035,3.0,6.0,8.207608310501746
447,447,CHEMBL4206681,active,COc1cc(NC(=S)NCCCn2cncc2C)ccc1OCc1ccc(N2CCNCC2)cc1,494.66500000000036,3.5654200000000023,3.0,7.0,7.939302159646388
448,448,CHEMBL4214577,active,COc1cc(NC(=S)NCCCn2cncc2C)ccc1Oc1ccc(C2CCNCC2)cc1,479.6500000000003,4.836120000000005,3.0,6.0,8.00436480540245
449,449,CHEMBL4218344,active,COc1cc(NC(=S)NCCCn2cncc2C)ccc1Oc1ccc(C2=CCNCC2)cc1,477.6340000000003,4.745820000000005,3.0,6.0,8.0268721464003
450,450,CHEMBL4212913,active,COc1cc(NC(=S)NCCCn2cncc2C)ccc1Oc1ccc(N2CCN(CCN)CC2)cc1,523.7070000000004,3.4498200000000008,3.0,8.0,7.920818753952375
451,451,CHEMBL4204845,active,COc1cc(NC(=S)NCCCn2cncc2C)ccc1Oc1ccc(N2CCN(CCO)CC2)cc1,524.6910000000005,3.4834200000000024,3.0,8.0,7.79317412396815
452,452,CHEMBL4216695,active,COc1cc(NC(=S)NCCCn2cncc2C)ccc1Oc1ccc(N2CCN(C)CC2)cc1,494.66500000000036,4.1209200000000035,2.0,7.0,7.769551078621726
453,453,CHEMBL4215483,active,COc1cc(NC(=S)NCCCn2cncc2C)ccc1Oc1ccc(N2CCNCC2)cc1,480.6380000000003,3.7787200000000025,3.0,7.0,8.070581074285707
454,454,CHEMBL4207817,active,COc1cc(NC(=S)NCCCn2cncc2C)ccc1OCCNC(=O)C1CCNCC1,474.63100000000037,2.07142,4.0,7.0,7.804100347590766
455,455,CHEMBL4205777,active,COc1cc(NC(=S)NCCCn2cncc2C)ccc1OCC(=O)NC1CCN(CCN)CC1,503.67300000000046,1.4949200000000014,4.0,8.0,8.346787486224656
456,456,CHEMBL4214390,active,COc1cc(NC(=S)NCCCn2cncc2C)ccc1OCC(=O)NC1CCN(CCO)CC1,504.65700000000044,1.5285200000000008,4.0,8.0,7.752026733638194
457,457,CHEMBL4202728,active,COc1cc(NC(=S)NCCCn2cncc2C)ccc1OCCCC(=O)NC1CCNCC1,488.6580000000004,2.6040200000000002,4.0,7.0,7.777283528852417
458,458,CHEMBL4205893,active,COc1cc(NC(=S)NCCCn2cncc2C)ccc1OCCC(=O)NC1CCNCC1,474.63100000000037,2.21392,4.0,7.0,8.259637310505756
459,459,CHEMBL4205854,active,COc1cc(NC(=S)NCCCn2cncc2C)ccc1OCC(=O)NC1CCNCC1,460.6040000000003,1.8238200000000002,4.0,7.0,7.987162775294828
460,460,CHEMBL4216476,active,COc1cc(NC(=S)NCCCn2cncc2C)ccc1OCC(=O)N1CCN(CCN)CC1,489.64600000000047,1.058520000000002,3.0,8.0,8.10790539730952
461,461,CHEMBL4212704,active,COc1cc(NC(=S)NCCCn2cncc2C)ccc1OCC(=O)N1CCN(CCO)CC1,490.63000000000045,1.0921200000000002,3.0,8.0,7.3124710387853655
462,462,CHEMBL4206718,active,COc1cc(NC(=S)NCCCn2cncc2C)ccc1OCCCC(=O)N1CCNCC1,474.6310000000004,2.1676200000000003,3.0,7.0,8.154901959985743
463,463,CHEMBL4206893,active,COc1cc(NC(=S)NCCCn2cncc2C)ccc1OCCC(=O)N1CCNCC1,460.6040000000004,1.7775200000000004,3.0,7.0,8.113509274827518
464,464,CHEMBL4213636,active,COc1cc(NC(=S)NCCCn2cncc2C)ccc1OCC(=O)N1CCNCC1,446.57700000000034,1.3874200000000008,3.0,7.0,7.823908740944319
465,465,CHEMBL4209873,active,COc1cc(NC(=S)NCCCn2cncc2C)ccc1OCCCC(=O)N(C)C,433.5780000000003,2.824020000000001,2.0,6.0,7.292429823902063
466,466,CHEMBL4202459,active,COc1cc(NC(=S)NCCCn2cncc2C)ccc1OCCC(=O)N(C)C,419.5510000000003,2.4339200000000005,2.0,6.0,7.450996737974212
467,467,CHEMBL4214145,active,COc1cc(NC(=S)NCCCn2cncc2C)ccc1OCC(=O)N(C)C,405.5240000000002,2.0438199999999997,2.0,6.0,6.931814138253839
468,468,CHEMBL4207782,active,COc1cc(NC(=S)NCCCn2cncc2C)ccc1OCCCC(N)=O,405.5240000000003,2.22112,3.0,6.0,7.269217724333611
469,469,CHEMBL4202896,active,COc1cc(NC(=S)NCCCn2cncc2C)ccc1OCCC(N)=O,391.49700000000024,1.8310199999999999,3.0,6.0,7.721246399047171
470,470,CHEMBL4212129,active,COc1cc(NC(=S)NCCCn2cncc2C)ccc1OCC(N)=O,377.4700000000002,1.4409199999999998,3.0,6.0,7.047207556955908
471,471,CHEMBL4207248,active,COc1cc(NC(=S)NCCCn2cncc2C)ccc1OCCC1CCN(CCN)CC1,474.67500000000047,3.01642,3.0,7.0,7.97469413473523
472,472,CHEMBL4215626,active,COc1cc(NC(=S)NCCCn2cncc2C)ccc1OCCC1CCN(CCO)CC1,475.65900000000045,3.050020000000001,3.0,7.0,8.045757490560675
473,473,CHEMBL4210669,active,COc1cc(NC(=S)NCCCn2cncc2C)ccc1OCCN1CCN(c2ncc(Cl)cn2)CC1,545.1130000000002,3.2212200000000015,2.0,9.0,7.175223537524454
474,474,CHEMBL4203427,active,COc1cc(NC(=S)NCCCn2cncc2C)ccc1OCCN1CCN(c2ncc(F)cn2)CC1,528.6580000000002,2.70692,2.0,9.0,7.394694953858891
475,475,CHEMBL4215098,active,COc1cc(NC(=S)NCCCn2cncc2C)ccc1OCCN1CCN(c2ncccn2)CC1,510.6680000000004,2.56782,2.0,9.0,7.920818753952375
476,476,CHEMBL4209874,active,COc1cc(NC(=S)NCCCn2cncc2C)ccc1OCCN1CCN(Cc2ccccc2)CC1,522.7190000000004,3.7734200000000024,2.0,7.0,7.896196279044043
477,477,CHEMBL4203358,active,COc1cc(NC(=S)NCCCn2cncc2C)ccc1OCCN1CCN(c2ccccc2)CC1,508.6920000000004,3.777820000000003,2.0,7.0,7.665546248849069
478,478,CHEMBL4208618,active,COc1cc(NC(=S)NCCCn2cncc2C)ccc1OCCN1CCN(CCOCCN)CC1,519.7160000000005,1.5485200000000021,3.0,9.0,8.443697499232712
479,479,CHEMBL4218341,active,COc1cc(NC(=S)NCCCn2cncc2C)ccc1OCCN1CCN(CCOCCO)CC1,520.7000000000005,1.582120000000001,3.0,9.0,7.761953896871204
480,480,CHEMBL4217140,active,COc1cc(NC(=S)NCCCn2cncc2C)ccc1OCCCCN1CCN(CCN)CC1,503.71700000000055,2.312120000000001,3.0,8.0,8.065501548756432
481,481,CHEMBL4212160,active,COc1cc(NC(=S)NCCCn2cncc2C)ccc1OCCCN1CCN(CCN)CC1,489.6900000000005,1.9220200000000014,3.0,8.0,8.42021640338319
482,482,CHEMBL4213750,active,COc1cc(NC(=S)NCCCn2cncc2C)ccc1OCCN1CCN(CCN)CC1,475.66300000000047,1.5319200000000008,3.0,8.0,8.1249387366083
483,483,CHEMBL4216611,active,COc1cc(NC(=S)NCCCn2cncc2C)ccc1OCCCCN1CCN(CCO)CC1,504.70100000000053,2.34572,3.0,8.0,8.318758762624412
484,484,CHEMBL4209292,active,COc1cc(NC(=S)NCCCn2cncc2C)ccc1OCCCN1CCN(CCO)CC1,490.6740000000005,1.9556200000000004,3.0,8.0,7.628932137728263
485,485,CHEMBL4204419,active,COc1cc(NC(=S)NCCCn2cncc2C)ccc1OCCN1CCN(CCO)CC1,476.64700000000045,1.5655200000000005,3.0,8.0,8.130768280269024
486,486,CHEMBL4207627,active,COc1cc(NC(=S)NCCCn2cncc2C)ccc1OCCN1CCN(C(C)=O)CC1,474.6310000000004,2.119719999999999,2.0,7.0,7.511449283499555
487,487,CHEMBL4213555,active,COc1cc(NC(=S)NCCCn2cncc2C)ccc1OCCN1CC(C)NC(C)C1,460.6480000000003,2.6378200000000005,3.0,7.0,8.00436480540245
488,488,CHEMBL4202790,active,COc1cc(NC(=S)NCCCn2cncc2C)ccc1OCCN1CCNCC1C,446.6210000000003,2.24932,3.0,7.0,8.236572006437063
489,489,CHEMBL4448966,active,COc1ccc(C(Cc2cccnc2)C(=O)NCCCn2cncc2C)cc1OC,408.5020000000002,3.1365200000000018,1.0,6.0,7.088309841246139
490,490,CHEMBL4470900,active,COc1ccc(C(Cc2ccccc2)C(=O)NCCCn2cncc2C)cc1OC,407.5140000000002,3.741520000000002,1.0,5.0,7.4089353929735005
491,491,CHEMBL4466671,active,COc1ccc(C2(C(=O)NCCCn3cncc3C)CCCCC2)cc1OC,385.50800000000027,3.6171200000000026,1.0,5.0,7.110698297493689
492,492,CHEMBL4454399,active,COc1ccc(C2(C(=O)NCCCn3cncc3C)CCCC2)cc1OC,371.4810000000002,3.2270200000000013,1.0,5.0,7.640164517660112
493,493,CHEMBL4519348,active,COc1ccc(C2(C(=O)NCCCn3cncc3C)CCC2)cc1OC,357.4540000000002,2.836920000000001,1.0,5.0,7.430626090384954
494,494,CHEMBL4470465,active,COc1ccc(C2(C(=O)NCCCn3cncc3C)CC2)cc1OC,343.42700000000013,2.4468199999999998,1.0,5.0,7.614393726401688
495,495,CHEMBL4533601,active,COc1ccc(C(C)(C)C(=O)NCCCn2cncc2C)cc1OC,345.4430000000001,2.692820000000001,1.0,5.0,7.111820506081675
496,496,CHEMBL4466213,active,COc1ccc(C(C)C(=O)NCCCn2cncc2C)cc1OC,331.4160000000001,2.518720000000001,1.0,5.0,6.950781977329818
497,497,CHEMBL4587761,active,COc1ccc(CC(=O)NCCCn2cncc2C)cc1OC,317.38900000000007,1.9577199999999995,1.0,5.0,6.73754891026957
498,498,CHEMBL4589697,active,COc1ccc(N(CCN2CCOCC2)C(=O)NCCCn2cncc2C)cc1OC,431.5370000000002,2.147220000000001,1.0,7.0,7.6020599913279625
499,499,CHEMBL4539950,active,COc1ccc(N(CCN2CCNCC2)C(=O)NCCCn2cncc2C)cc1OC,430.5530000000002,1.7202200000000005,2.0,7.0,7.823908740944319
500,500,CHEMBL4438809,active,COc1ccc(N(C(=O)NCCCn2cncc2C)C2CCN(Cc3cccnc3)CC2)cc1OC,492.62400000000036,3.874620000000003,1.0,7.0,7.632644078973981
501,501,CHEMBL4579239,active,COc1ccc(N(C(=O)NCCCn2cncc2C)C2CCN(Cc3ccc(F)cc3)CC2)cc1OC,509.6260000000004,4.618720000000004,1.0,6.0,7.866461091629782
502,502,CHEMBL4448862,active,COc1ccc(N(C(=O)NCCCn2cncc2C)C2CCN(Cc3ccccc3)CC2)cc1OC,491.63600000000037,4.479620000000004,1.0,6.0,8.1249387366083
503,503,CHEMBL4443747,active,COc1ccc(N(C(=O)NCCCn2cncc2C)C2CCN(c3ccccc3)CC2)cc1OC,477.6090000000003,4.484020000000005,1.0,6.0,7.785156151952302
504,504,CHEMBL4561441,active,COc1ccc(N(C(=O)NCCCn2cncc2C)C2CCN(C(C)=O)CC2)cc1OC,443.54800000000034,2.825920000000001,1.0,6.0,7.268411234813262
505,505,CHEMBL4570337,active,CCN1CCC(N(C(=O)NCCCn2cncc2C)c2ccc(OC)c(OC)c2)CC1,429.5650000000003,3.2993200000000016,1.0,6.0,7.0915149811213505
506,506,CHEMBL4589039,active,COc1ccc(N(C(=O)NCCCn2cncc2C)C2CCN(C)CC2)cc1OC,415.5380000000003,2.9092200000000012,1.0,6.0,8.214670164989233
507,507,CHEMBL4471709,active,COc1ccc(N(C(=O)NCCCn2cncc2C)C2CCNCC2)cc1OC,401.51100000000025,2.5670200000000003,2.0,6.0,8.086186147616283
508,508,CHEMBL4577303,active,COc1ccc(N(C(=O)NCCCn2cncc2C)c2nccs2)cc1OC,401.49200000000013,3.603220000000003,1.0,7.0,7.005243055412372
509,509,CHEMBL4559062,active,COc1ccc(N(C(=O)NCCCn2cncc2C)c2ncco2)cc1OC,385.42400000000015,3.1347200000000015,1.0,7.0,7.157390760389438
510,510,CHEMBL4441084,active,COc1ccc(N(C(=O)NCCCn2cncc2C)c2ccccc2)cc1OC,394.47500000000014,4.146720000000004,1.0,5.0,7.031517051446065
511,511,CHEMBL4445407,active,COc1ccc(N(CCCCc2ccnc(NCCN)c2)C(=O)NCCCn2cncc2C)cc1OC,509.65500000000037,3.6035200000000023,3.0,8.0,8.795880017344075
512,512,CHEMBL4547037,active,COc1ccc(N(CCCCc2ccnc(N)c2)C(=O)NCCCn2cncc2C)cc1OC,466.5860000000003,3.815120000000003,2.0,7.0,8.443697499232712
513,513,CHEMBL4560536,active,COc1ccc(N(CCc2ccnc(N)c2)C(=O)NCCCn2cncc2C)cc1OC,438.53200000000027,3.0349200000000005,2.0,7.0,7.432973633840939
514,514,CHEMBL4436441,active,COc1ccc(N(Cc2ccnc(N)c2)C(=O)NCCCn2cncc2C)cc1OC,424.5050000000003,2.992420000000001,2.0,7.0,7.7544873321858505
515,515,CHEMBL4464265,active,COc1ccc(N(Cc2ccncc2)C(=O)NCCCn2cncc2C)cc1OC,409.49000000000024,3.4102200000000025,1.0,6.0,7.958607314841775
516,516,CHEMBL4474239,active,COc1ccc(N(Cc2ccc(N)nc2)C(=O)NCCCn2cncc2C)cc1OC,424.5050000000003,2.992420000000001,2.0,7.0,7.628932137728263
517,517,CHEMBL4469107,active,COc1ccc(N(Cc2ccc(Cl)nc2)C(=O)NCCCn2cncc2C)cc1OC,443.9350000000003,4.063620000000003,1.0,6.0,7.488116639021126
518,518,CHEMBL4445955,active,COc1ccc(N(Cc2ccc(F)nc2)C(=O)NCCCn2cncc2C)cc1OC,427.4800000000003,3.5493200000000025,1.0,6.0,7.51427857351842
519,519,CHEMBL4567619,active,COc1ccc(N(Cc2cccnc2)C(=O)NCCCn2cncc2C)cc1OC,409.49000000000024,3.4102200000000025,1.0,6.0,8.060480747381382
520,520,CHEMBL4520053,active,COc1ccc(N(Cc2ccc(Cl)cc2)C(=O)NCCCn2cncc2C)cc1OC,442.9470000000003,4.668620000000003,1.0,5.0,7.903089986991944
521,521,CHEMBL4448303,active,COc1ccc(N(Cc2ccc(F)cc2)C(=O)NCCCn2cncc2C)cc1OC,426.4920000000003,4.154320000000003,1.0,5.0,8.4089353929735
522,522,CHEMBL4475906,active,COc1ccc(N(Cc2cccc(Cl)c2)C(=O)NCCCn2cncc2C)cc1OC,442.9470000000003,4.668620000000003,1.0,5.0,7.889410289700751
523,523,CHEMBL4585964,active,COc1ccc(N(Cc2cccc(F)c2)C(=O)NCCCn2cncc2C)cc1OC,426.4920000000003,4.154320000000003,1.0,5.0,7.688246138944246
524,524,CHEMBL4452351,active,COc1ccc(N(Cc2ccccc2)C(=O)NCCCn2cncc2C)cc1OC,408.50200000000024,4.015220000000003,1.0,5.0,7.876148359032914
525,525,CHEMBL4549443,active,COc1ccc(N(C(=O)NCCCn2cncc2C)C2CCCCC2)cc1OC,400.5230000000003,4.147720000000003,1.0,5.0,8.346787486224656
526,526,CHEMBL4451831,active,COc1ccc(N(C(=O)NCCCn2cncc2C)C2CCCC2)cc1OC,386.49600000000027,3.757620000000003,1.0,5.0,7.7121982700697735
527,527,CHEMBL4586610,active,COc1ccc(N(C(=O)NCCCn2cncc2C)C2CCC2)cc1OC,372.4690000000002,3.3675200000000025,1.0,5.0,7.576754126063192
528,528,CHEMBL4524440,active,COc1ccc(N(C(=O)NCCCn2cncc2C)C2CC2)cc1OC,358.4420000000002,2.9774200000000013,1.0,5.0,7.414539270491499
529,529,CHEMBL4446821,active,COc1ccc(N(CC2CCCC2)C(=O)NCCCn2cncc2C)cc1OC,400.5230000000001,4.005220000000003,1.0,5.0,8.207608310501746
530,530,CHEMBL4578714,intermediate,COc1ccc(N(CC(C)C)C(=O)NCCCn2cncc2C)cc1OC,374.48500000000007,3.471020000000002,1.0,5.0,8.119186407719209
531,531,CHEMBL4469263,active,COc1ccc(N(C(=O)NCCCn2cncc2C)C(C)C)cc1OC,360.45800000000014,3.2234200000000017,1.0,5.0,7.756961951313706
532,532,CHEMBL4476133,active,CCN(C(=O)NCCCn1cncc1C)c1ccc(OC)c(OC)c1,346.43100000000015,2.834920000000001,1.0,5.0,7.568636235841013
533,533,CHEMBL4554520,active,COc1ccc(N(C)C(=O)NCCCn2cncc2C)cc1OC,332.4040000000001,2.444820000000001,1.0,5.0,7.104025267640935
534,534,CHEMBL4475055,active,COc1ccc(NC(=O)NCCCn2cncc2C)cc1OC,318.37700000000007,2.4205200000000007,2.0,5.0,6.790484985457369
535,535,CHEMBL4459555,active,COc1ccc(N(Cc2ccncc2)C(=S)NCCCn2cncc2C)cc1OC,425.55800000000033,3.5751200000000027,1.0,6.0,8.2518119729938
536,536,CHEMBL4472311,intermediate,COc1ccc(N(Cc2cccnc2)C(=S)NCCCn2cncc2C)cc1OC,425.55800000000033,3.5751200000000027,1.0,6.0,8.267606240177031
537,537,CHEMBL4590359,inactive,COc1ccc(N(Cc2ccc(Cl)cc2)C(=S)NCCCn2cncc2C)cc1OC,459.01500000000027,4.833520000000004,1.0,5.0,8.2839966563652
538,538,CHEMBL4525926,inactive,COc1ccc(N(Cc2ccc(F)cc2)C(=S)NCCCn2cncc2C)cc1OC,442.5600000000003,4.319220000000003,1.0,5.0,8.886056647693163
539,539,CHEMBL4586501,inactive,COc1ccc(N(Cc2cccc(Cl)c2)C(=S)NCCCn2cncc2C)cc1OC,459.01500000000027,4.833520000000004,1.0,5.0,8.455931955649724
540,540,CHEMBL4539841,inactive,COc1ccc(N(Cc2cccc(F)c2)C(=S)NCCCn2cncc2C)cc1OC,442.5600000000003,4.319220000000003,1.0,5.0,8.468521082957745
541,541,CHEMBL4459792,inactive,COc1ccc(N(Cc2ccccc2)C(=S)NCCCn2cncc2C)cc1OC,424.57000000000033,4.180120000000003,1.0,5.0,8.337242168318426
542,542,CHEMBL4462495,inactive,Cn1cnnc1C1CCN(c2ncccc2-c2ccc(F)nc2)CC1,338.3900000000001,2.7952000000000012,0.0,6.0,7.777283528852417
543,543,CHEMBL4586829,inactive,COc1ccc(N(C)C(=S)NCCCn2cncc2C)cc1OC,348.4720000000001,2.609720000000001,1.0,5.0,7.906578314837765
544,544,CHEMBL4440547,inactive,CCN(C(=S)NCCCn1cncc1C)c1ccc(OC)c(OC)c1,362.49900000000014,2.9998200000000015,1.0,5.0,8.05551732784983
545,545,CHEMBL4464130,active,COc1ccc(N(C(=S)NCCCn2cncc2C)C(C)C)cc1OC,376.5260000000002,3.388320000000002,1.0,5.0,8.55284196865778
546,546,CHEMBL4520303,active,COc1ccc(N(CC(C)C)C(=S)NCCCn2cncc2C)cc1OC,390.5530000000001,3.6359200000000023,1.0,5.0,8.167491087293763
547,547,CHEMBL4445143,active,COc1ccc(N(CC2CCCC2)C(=S)NCCCn2cncc2C)cc1OC,416.5910000000002,4.170120000000003,1.0,5.0,8.387216143280265
548,548,CHEMBL4578087,active,COc1ccc(N(C(=S)NCCCn2cncc2C)C2CC2)cc1OC,374.5100000000002,3.1423200000000016,1.0,5.0,7.59176003468815
549,549,CHEMBL4434757,active,COc1ccc(N(C(=S)NCCCn2cncc2C)C2CCC2)cc1OC,388.53700000000026,3.532420000000002,1.0,5.0,8.065501548756432
550,550,CHEMBL4582369,active,COc1ccc(N(C(=S)NCCCn2cncc2C)C2CCCC2)cc1OC,402.5640000000003,3.922520000000003,1.0,5.0,8.187086643357144
551,551,CHEMBL4462968,active,COc1ccc(N(C(=S)NCCCn2cncc2C)C2CCCCC2)cc1OC,416.59100000000035,4.3126200000000035,1.0,5.0,8.327902142064282
